Ticker,Industry,Business
2330.TW,半導體業,"台灣 半導體 Manufacturing 公司 有限公司, 及其 子公司, 製造, packages, tests, and 銷售 積體電路 and other 半導體 devices in 台灣, China, Europe, the Middle East, Africa, Japan, the United States, and internationally. It 提供 various wafer..."
9914.TW,運動休閒,"Merida Industry Co., Ltd., 及其 子公司, 製造 and 銷售 bicycles and 零組件 in 台灣, China, Hong Kong, Japan, and Europe. The company offers mountain bikes, road bikes, fitness bikes, gravel bikes, trekking bikes, and e-bikes, as well as bikes for youth and kids. It a..."
1605.TW,電器電纜,"Walsin Lihwa Corporation 從事 the manufacture and sale of wires and cables, and stainless-steel 產品 in Asia, the United States, Europe, and internationally. The company operates through Wires and Cables; Stainless Steel; Resource; 房地產; and Administration and Investing segments. It..."
3034.TW,半導體業,"Novatek Micro電子s Corp., a fabless chip 設計 company, 設計s, 開發 and 銷售 a range of 顯示器 driver 積體電路 (IC) and system-on-a-chip (SoC) solutions in 台灣, Asia, and internationally. The company offers 顯示器 driver ICs for LCD 顯示器s, televisions (TVs), notebook..."
3105.TWO,半導體業,"WIN 半導體s Corp., 及其 子公司, 從事 the 研發, manufacturing, marketing, and sales of gallium arsenide (GaAs) 晶圓 in 台灣, Asia, the United States, and Europe. It offers GaAs monolithic microwave ICs (MMIC) and radio frequency ICs, as well as ..."
3665.TW,其他電子業,"BizLink Holding Inc., 及其 子公司, 提供 connection harness application solutions in the United States, China, Germany, Malaysia, 台灣, Italy, Slovak, and internationally. It operates through Computing and Transportation, 工業 Application, and Home Appliance segments. T..."
6443.TW,光電業,"TSEC Corporation 從事 the 研發, production, and sales of 太陽能 cells and modules in Asia, Europe, and internationally. The company operates through 太陽能 Module and Other segments. It is involved in the sale of 太陽能 related 產品; 能源 storage system of regulation res..."
1504.TW,電機機械,"TECO Electric & 機械 Co., Ltd. 從事 the production, sales and installation of various mechanical 設備 in 台灣, the United States, Mainland China, and internationally. It offers electrical 設備 產品 and transformers; 電力 management system, such as mobile prefabricated ele..."
00757.TW,未知,-
0056.TW,未知,-
3680.TWO,半導體業,"Gudeng Precision 工業 Co., Ltd. 提供 科技 服務 worldwide. The company offers wafer handling solutions, including 航運 boxes, cassette boxes, wafer cassettes, and front opening wafer transfer boxes, as well as FOUP 產品; and reticle handling solutions, such as reticle boxe..."
0052.TW,未知,-
00643.TW,未知,-
2474.TW,其他電子業,"Catcher 科技 Co., Ltd., 及其 子公司, 從事 the manufacture and sale of aluminum and magnesium extrusions, alloy housings, and molds in 台灣, China, the United States, Singapore, and internationally. Its 產品 include chassis and interior mechanical 零組件; uppe..."
2486.TW,光電業,"I-Chiun Precision Industry Co., Ltd. 製造, processes, and trades 機械 and parts, 電子 零組件, electrical 零組件, 半導體 LED lead frames, precision molds, and ceramic circuit boards in 台灣, China, and internationally. The company offers opto電子 產品, in..."
2340.TW,半導體業,"台灣-Asia 半導體 Corporation 從事 the manufacture and sale of 半導體 零組件 in 台灣 and internationally. The company offers sensing devices, such as photodiode, phototransistor, and phototriac; 電力 devices, including 電力 MOSFET, TVS diode, zener diode, and resistor; a..."
8039.TW,電子零組件業,"Taiflex Scientific Co., Ltd., an investment holding company, 從事 the manufacture, 批發, and 零售 of 電子 parts and 零組件 in 台灣, Mainland China, and internationally. The company offers flexible copper-clad laminate and cover layer; generation and selling of electricity fr..."
2347.TW,電子通路業,"Synnex 科技 International Corporation, 及其 子公司, distributes information, communication, 消費性, and 半導體 產品. The company is involved in assembling and selling 電腦s and 電腦 peripherals, and other information 產品; the sale of 消費性 electr..."
6547.TWO,生技醫療業,"Medigen Vaccine Biologics Corporation, a bio科技 drug company, 從事 the research, development, and 批發 of vaccines and biopharmaceuticals, and 醫療 devices in 台灣. It 開發 enterovirus A71 vaccine, which is in Phase III clinical trial to treat enterovirus infection with se..."
5425.TWO,半導體業,"台灣 半導體 Co., Ltd. 製造 and 銷售 rectifiers and bar code printers in Asia, the United States, Europe, and internationally. It offers discrete devices, including schottky rectifier, bridge, standard rectifier, protection diode, MOSFETs, general purpose and low transistor, small s..."
3702.TW,電子通路業,"WPG Holdings 有限公司, 及其 子公司, operates as a 半導體 零組件 distributor in 台灣, Mainland China, and internationally. It operates through World Peace 工業 Subgroup, Pingjiazi Group Co., Quandingzi Group Co., Yosun Subgroup, Trigold Group Co., and Others segme..."
3406.TW,光電業,"Genius 電子 光學 Co.,Ltd., an investment holding company, 從事 the manufacture, processing, and trade of 光學 instruments, molds, lighting 設備, and related spare parts in 台灣 and China. The company 提供 鏡頭, including 醫療, car, humanoid robot, 工業 AI, and..."
2377.TW,電腦及週邊設備業,"Micro-Star International Co., Ltd. 從事 the manufacture and sale of motherboards, interface cards, notebook 電腦s, and other 電子 產品 in Asia, Europe, the United States, and internationally. Its 產品 portfolio includes laptops, handhelds, monitors and desktop 電腦s, grap..."
00639.TW,未知,-
2605.TW,觀光餐旅,"Sincere Navigation Corporation, a 航運 transportation company, owns and operates bulk cargo vessels in 台灣. Its fleet includes dry bulk carriers, tankers, and woodchip carriers. Sincere Navigation Corporation serves coal and iron ore miner, steel, 能源, and paper industries. The company was..."
2323.TW,光電業,"CMC Magnetics Corporation 從事 the manufacture and sales of 光學 discs and peripheral 產品 in 台灣, the Americas, the rest of Asia, Europe, and internationally. It is involved in the manufacturing and trading of photo電子 產品; trading other 電子 產品; and manufact..."
4938.TW,電腦及週邊設備業,"Pegatron Corporation, 及其 子公司, 設計s, 開發, 製造, and 銷售 電腦, communication, and 消費性 電子 產品 in Europe, the United States, 台灣, China, Japan, and internationally. The company offers notebooks, desktops, PCs, motherboards, rugged comput..."
2357.TW,電腦及週邊設備業,"ASUSTeK 電腦 Inc. researches and 開發, 設計s, 製造, 銷售, and repairs 3C information 產品 in 台灣, China, Singapore, Europe, the United States, and internationally. The company 提供 phone and accessories; laptops for home, work, creators, students, gaming, and accessorie..."
8112.TW,電子通路業,"Supreme 電子s Co., Ltd. 從事 the import and export dealership of 電子 產品 and 零組件 in 台灣, Hong Kong, China, the United States, and internationally. The company offers 記憶體 產品 and solutions, such as DRAM, flash, and mobile solutions; system LSI 產品 and so..."
2834.TW,貿易百貨,"台灣 Business Bank, Ltd., 及其 子公司, 從事 the provision of 銀行 產品 and 服務 to small and medium enterprise in 台灣, the United States, Hong Kong, Australia, China, Cambodia, and Japan. The company operates through 銀行, Securities, Trust, 保險 Agen..."
6271.TW,半導體業,"Tong Hsing 電子 Industries, Ltd. 從事 the development and production of thick film substrates and customized 半導體 micro-module 封裝. It offers ceramic metalized substrate, such as direct plated copper, direct bonded copper, active metal brazing, and thick film printed circu..."
3714.TW,光電業,"ENNOSTAR Inc. 從事 the 研發, 設計, manufacturing and sales of EPI 晶圓 and chips of A1GaInP, AlGaAs and InGaN, and light-emitting diode packages and modules. It operates in 台灣, China, Malaysia, Japan, Hong Kong, South Korea, Singapore, and internationally. The compa..."
1905.TW,鋼鐵工業,"Chung Hwa Pulp Corporation 製造, 銷售, and distributes pulp, paper, paperboard, chemical 產品, and by-產品 in 台灣 and Mainland China. The company offers specialty paper for the non-plastic food safety, label, tape, food and drinking, 醫療, interior decoration, garment and fast..."
006206.TW,未知,-
5371.TWO,未知,"Coretronic Corporation 從事 the research, development, production, manufacture, and marketing of projectors, backlights, and FPD related 產品 in 台灣, Mainland China, South Korea, the United Kingdom, the United States, Japan, and internationally. The company operates through three segmen..."
3706.TW,電腦及週邊設備業,"MiTAC Holdings Corporation, 及其 子公司, 設計s, 開發, 製造, and distributes 電腦s and ancillary 設備, and communication related 產品 in 台灣, Europe, the United States, and internationally. The company offers cloud computing and artificial intelligence..."
2049.TW,電機機械,"Hiwin Technologies Corporation 製造 and 銷售 motion control and systematic 科技 產品 in 台灣, China, Germany, the United States, Japan, and internationally. The company operates through Linear Guideways, Ballscrews, and Other segments. It offers ballscrews, Ball Spline, linear g..."
2002.TW,橡膠工業,"China Steel Corporation 製造 and 銷售 steel 產品 in 台灣, Vietnam, Malaysia, China, India, and internationally. It offers steel plates primarily for use in 營造 structures, shipbuilding, bridge beams, oil country tabular goods, machine structures, pressure vessels, and in clim..."
1909.TW,鋼鐵工業,"Longchen Paper & 封裝 Co., Ltd. 製造, processes, and trade of papermaking raw 材料 in 台灣 and Mainland China. The company 從事 the manufacture, printing, processing, and sales of cartons, cardboard boxes and paper 產品; and recycling and renewal of 能源 and resources..."
2354.TW,其他電子業,"Foxconn 科技 Co., Ltd. 製造, processes, and 銷售 cases, heat dissipation modules, and 消費性 電子s 產品. It offers 3C 電子 product, modules and 零組件. The company also 從事 the research, development, manufacture, and sale of 電腦 thermal modules, compu..."
2520.TW,航運業,"Kindom Development Co., Ltd., 及其 子公司, constructs, 開發, and 銷售 房地產 properties in 台灣. It operates through three segments: Building, 營造, and Department Stores segments. The Building segment rents or 銷售 business of commissioning 營造 compa..."
00636.TW,未知,-
4123.TWO,生技醫療業,"Center Laboratories, Inc., a pharmaceutical company, 開發, 製造, and 銷售 pharmaceuticals in 台灣 and internationally. The company offers general medication pharmaceuticals comprising antipyretic analgesics, bronchodilators, anti-inflammatory preparations, antihistamines, expectorants..."
5347.TWO,半導體業,"Vanguard International 半導體 Corporation, 及其 子公司, 從事 manufacturing, selling, 封裝, 測試, and 電腦-aided 設計 of 積體電路 and other 半導體 devices in 台灣 and internationally. The company offers various foundry process technolo..."
2449.TW,半導體業,"King Yuan 電子s Co., Ltd. 設計s, 製造, 銷售, tests, and assembles 積體電路. It offers test 服務, such as wafer probing; final test; burn-in; system level 測試; and back end service. It also 提供 科技 Innovation, including wafer level chip scale package (W..."
3380.TW,通信網路業,"Alpha 網路s Inc. 從事 the 研發, 設計, manufacture, and sale of broadband and wireless 網路 產品, and 電腦 網路 system 設備 and 零組件 in 台灣, Japan, the United States, and internationally. The company offers LAN/MAN 產品, such as data cent..."
6257.TW,半導體業,"Sigurd Micro電子s Corporation, 及其 子公司, 從事 the 設計, processing, 測試, burn-in treatment, manufacture, and trading of 積體電路 (ICs) in 台灣, Singapore, America, China, and internationally. It operates through 封裝 and 測試, and Trading ..."
6121.TWO,電腦及週邊設備業,"Simplo 科技 Co., Ltd. research, 設計s, and 製造 lithium battery modules in the 台灣, China, the United States, and Singapore. It offers machine parts, such as plastic parts, die cut, film, and bus bar 產品 series. The company offers its 產品 for household appliances; and mo..."
5269.TW,半導體業,"ASMedia 科技 Inc. 從事 the 設計, development, sale, and technical 服務 of high-speed signal switch, PCIe bridge, and USB controller 積體電路 in 台灣, the Americas, Asia, and internationally. The company offers SATA bridges and controllers, ASIC solutions, and PDK/KGD p..."
2331.TW,電腦及週邊設備業,"Elitegroup 電腦 Systems Co.,Ltd., 及其 子公司, 設計s, 開發, 製造, and 銷售 電腦 設備 in Asia, America, Europe, and internationally. The company offers motherboards, including Intel and AMD platforms, and SoC solutions; desktop 電腦s; notebooks; tabl..."
2317.TW,其他電子業,"Hon Hai Precision Industry Co., Ltd. 提供 電子 manufacturing 服務. The company offers 消費性 電子s, including 智慧型手機, feature phones, wearable devices, televisions, game consoles, set-top boxes, and audio systems; cloud and 網路ing 產品 comprising routers, 伺服器, ..."
2883.TW,貿易百貨,"KGI 金融 Holding Co., Ltd. operates as a 金融 company in 台灣 and internationally. The company offers personal 金融 服務, such as deposits, credit cards, wealth management, and fund scheduling; upstream, midstream and downstream supplier 服務; and cross-border trade business..."
2489.TW,光電業,"AmTRAN 科技 Co.,Ltd 從事 the 設計, manufacture, and sale of monitors, 電腦s, and 電腦 peripherals in 台灣, the United State, China, and internationally. The company offers 顯示器 產品; audio visual 產品; conference 設備; collaboration 電腦 peripherals; and s..."
6770.TW,半導體業,"電力chip 半導體 Manufacturing Corporation, 及其 子公司, 從事 the 研發, manufacturing, 測試, 封裝, and sale of integrated circuit 產品 in 台灣, the United States, China, and internationally. It also 提供 foundry, 設計, overhaul,..."
2352.TW,電腦及週邊設備業,"Qisda Corporation, 及其 子公司, 製造, 銷售, and 服務 monitors, opto-mechatronics 產品, and opto電子s film in 台灣, the Americas, Mainland China, Japan, and internationally. It operates through five segments: 設計 and Manufacturing 服務 (DMS), Brand M..."
1565.TWO,生技醫療業,"St.Shine 光學 Co.,Ltd., 及其 子公司, 製造, 銷售, and trades contact 鏡頭, 光學 鏡頭, and related 產品 in Asia, Europe, America, and 台灣. The company's product portfolio includes daily disposable, frequent replacement, color, and silicone hydrogel soft con..."
3044.TW,電子零組件業,"Tripod 科技 Corporation processes, 製造, and 銷售 printed circuit boards and other related 零組件 in 台灣, China, Vietnam, Thailand, South Korea, Malaysia, Mexico, and internationally. The company offers printed circuit boards comprising any layer, double-sided, HDI, heavy coppe..."
1718.TW,化學工業,"China Man-Made Fiber Corporation 製造 and 銷售 man-made fibers, cellophane, polyamine fiber, polyester fiber, 化學品, and the raw 材料 in 台灣. The company offers petrochemical 產品, such as mono-ethylene glycol, di-ethylene glycol, tri-ethylene glycol, nonyl-phenol, and ethyl..."
2332.TW,通信網路業,"D-Link Corporation researches, 開發, and 銷售 local area 電腦 網路 systems, wireless local area 電腦 網路s, and spare parts for 積體電路 in 台灣, India, and internationally. It offers home 網路ing 產品, such as Wi-Fi systems, routers, and range extenders, as we..."
2606.TW,觀光餐旅,"U-Ming Marine Transport Corporation, 及其 子公司, 從事 the marine transportation and investment businesses worldwide. The company owns and operates ships that carry various commodities, such as cement, crude oil, iron ore, coal, and grain shipments. It operates 73 vessels wi..."
6279.TWO,電子零組件業,"Hu Lane Associate Inc. 從事 the manufacture and sale of terminal parts for 車用 and motorcycle 電子s, terminal crimping machines, and 工業 rubber and plastic 產品 in 台灣. The company offers housing, terminal, rubber seal, PVC sleeve, and grommet 產品. It also provi..."
3552.TWO,其他電子業,"Tung Thih 電子 Co., Ltd., 及其 子公司, 設計s, 製造, and 銷售 車用 電子s 產品 in 台灣, rest of Asia, Europe, the United States, Australia, and Africa. The company offers system enablers, including ultrasonic sensor modules, 車用 camera modul..."
2329.TW,半導體業,"Orient 半導體 電子s, 有限公司 從事 the manufacturing, assembly, processing, and export of various 積體電路, 半導體 零組件, 電腦 motherboards, and circuit boards in 台灣, America, Asia, and internationally. The company offers 封裝 and 測試 service..."
2392.TW,電子零組件業,"Cheng Uei Precision Industry Co., Ltd. 製造 and 銷售 cable assemblies, battery packs, and 電力 modules in 台灣, China, America, Vietnam, India, Hong Kong, and internationally. It operates through System and Peripheral 產品, 3C Product 零售, 能源 Service Management, and Other segm..."
1904.TW,鋼鐵工業,"Cheng Loong Corporation 製造 and 銷售 paper 產品 in 台灣, Mainland China, and Southeast Asia. The company offers paperboard 產品, including containerboard, linerboard, coated duplex board, corrugating medium, white top linerboard, and coreboard; and corrugated containers, such as ..."
6223.TWO,半導體業,"MPI Corporation, 及其 子公司, 製造, processes, repairs, imports/exports, and trades in 半導體 manufacturing and 測試 設備 in 台灣, China, the United States, Singapore, Korea, and internationally. It offers probe cards comprising cantilever, kestrel, FCB, E..."
4919.TW,半導體業,"Nuvoton 科技 Corporation, a 半導體 company, 從事 the research, 設計, development, manufacture, and sale of 積體電路 (ICs) in 台灣 and internationally. It offers 6-inch 晶圓; microcontrollers; microprocessors; analog ICs, application specific SoCs, battery manageme..."
2382.TW,電腦及週邊設備業,"Quanta 電腦 Inc. 製造, processes, and 銷售 laptop 電腦s and cloud-computing server related 產品 in the United States, Mainland China, the Netherlands, Japan, and internationally. The company 提供 notebook PCs; 伺服器, storage devices, and 網路 switches; cameras, includin..."
3376.TW,電子零組件業,"Shin Zu Shing Co., Ltd. 從事 the research, 設計, development, production, assembly, 測試, manufacturing, and trading of various precision springs, stamping parts, hinge 零組件, CNC lathes, and metal injection molding in 台灣, Singapore, and China. It also produces and 銷售 precisio..."
1303.TW,塑膠工業,"Nan Ya Plastics Corporation 從事 the manufacture and sale of plastic 產品, polyester fibers, petrochemical 產品, and 電子 材料 in 台灣, China, the United States, and internationally. It 提供 plastic 產品, such as PP synthetic paper, adhesives, 光學 films, outdoo..."
3529.TWO,半導體業,"e記憶體 科技 Inc. 從事 the research, development, manufacturing, and sales of embedded flash 記憶體 in 台灣 and internationally. The company offers security 產品, such as NeoPUF, a 硬體 security 科技; PUFrt, which delivers a secure 硬體 root of trust; PUFcc, a crypto ..."
1513.TW,電機機械,Chung-Hsin Electric and 機械 Manufacturing Corp. 製造 and 銷售 electric motors and generators in 台灣 and internationally. It operates through Motor 能源; Service; and Engineering and Other segments. It offers 電力 設備 產品; 電力 automation 產品; electricity meter p...
6488.TWO,半導體業,"Global晶圓 Co., Ltd., 及其 子公司, researches, 開發, 設計s, 製造 and 銷售 半導體 ingots/晶圓 in 台灣 and internationally. The company offers Epi 晶圓, polished 晶圓, diffusion 晶圓, annealed 晶圓, SOI 晶圓, FZ 晶圓, and compound 晶圓, as w..."
3036.TW,電子通路業,"WT Micro電子s Co., Ltd., 及其 子公司, 提供 電子 component distribution 服務 in the United States, 台灣, Mainland China, and internationally. The company also 提供 professional supply chain management; value-added technical support; component application; ..."
5904.TWO,居家生活,"POYA International Co., Ltd. operates a chain of 零售 stores in 台灣. It offers fashionable beauty and skincare 產品; underwear and socks; daily necessities; and personal care 產品. The company was formerly known as POYA Department Store Co., Ltd. and changed its name to POYA Internation..."
1717.TW,化學工業,"Eternal 材料 Co., Ltd. 製造 and 銷售 resin, high performance, 電子 材料, and other related 產品. The company offers resin 材料, including acrylic for adhesives and overprinting, polyester polyol, polyurethane, opto電子 材料, alkyd, solvent-based acrylic c..."
6005.TW,貿易百貨,"Capital Securities Corporation 提供 various 金融 服務 in 台灣 and internationally. The company operates through the Brokerage, Corporate Financing, Dealing, Derivative Instrument, and Futures segments. The Brokerage segment 從事 brokerage trading, margin trading, and securities ..."
2610.TW,觀光餐旅,"China Airlines, Ltd., 及其 子公司, 提供 passenger, cargo, and postal 服務 in the Americas, Northeast Asia, Southeast Asia, Europe, Australia, China, and 台灣. The company also offers agency 服務 for operations and maintenance; aircraft maintenance; avionics 電腦 ..."
6182.TWO,半導體業,"Wafer Works Corporation 從事 the research, 設計, manufacturing, and sales of 半導體 silicon, 半導體 epitaxial, and compound 半導體 材料 in 台灣, Mainland China, the United States, and Internationally. The company offers polished, epitaxial, and GaN epitaxial wafer..."
2404.TW,其他電子業,"United Integrated 服務 Co., Ltd. 提供 engineering 營造 服務 in 台灣, Mainland China, Singapore, the United states, and Japan. It operates through Engineering and Integration Department; Maintenance and 設計 Department; and Other segments. The company 從事 the undertakin..."
1319.TW,建材營造,"Tong Yang Industry Co., Ltd. 從事 the manufacture and sale of parts, 零組件, and models for automobile in 台灣, China, the United States, and internationally. The company operates through two segments, Domestic Operating Entity and Foreign Operating Entity. It offers plastics 產品, s..."
2344.TW,半導體業,"Winbond 電子s Corporation 從事 the research, development, production and sales of 積體電路, various 半導體 零組件 and other system 產品. The company offers customized 記憶體 solutions, including CUBE(3DCaaS), pseudo static random access 記憶體, DDR/SDR, LPDDR/LP..."
00878.TW,未知,-
5871.TW,其他,"Chailease Holding 公司 有限公司, an investment holding company, 提供 leasing and 金融 產品 and 服務 in 台灣, Mainland China, ASEAN countries, and internationally. The company offers leasing 服務, including capital and operating leases for 機械, 醫療 設備, airpla..."
9958.TW,橡膠工業,"Century Iron and Steel 工業 Co.,Ltd. 從事 the manufacture and sale of steel structures, steel frame, and iron bone in 台灣 and Myanmar. The company is also involved in the manufacture and distributes mechanical 設備 of 電力 generation, and fabricated metal; installation; and cons..."
2393.TW,光電業,"Everlight 電子s Co., Ltd., 及其 子公司, 從事 the manufacture and sale of light-emitting diode (LED) in Asia, Europe, and internationally. The company operates through LED, LCD, Illumination, and Other Department segments. It offers visible LEDs, including lighting, hor..."
1477.TW,紡織纖維,"Makalot 工業 Co., Ltd. operates as an apparel manufacturer in the United States and internationally. It offers ready to wear, active wear, sleepwear and loungewear, gift sets, and smart apparel. The company was incorporated in 1990 and is based in Taipei, 台灣."
1795.TW,生技醫療業,"Lotus Pharmaceutical Co., Ltd. 從事 the 研發, manufacture, and sale of generic pharmaceutical 產品 in 台灣, South Korea, the United States, and internationally. Its product portfolio focuses on generics in the fields of oncology, central nervous system, cardiovascular..."
6282.TW,電子零組件業,"AcBel Polytech Inc. 從事 the research, 設計, manufacturing, and sales of 電子 零組件 in Mainland China, 台灣, the United States, and internationally. It operates through 電力 Supply Department and 硬體 parts and other segments. The company offers 工業 PSUs, adapters, m..."
2376.TW,電腦及週邊設備業,"Giga-Byte 科技 Co., Ltd., 及其 子公司, 製造, processes, and trades in 電腦 硬體 peripherals and 零組件 in 台灣, Europe, America, Canada, Singapore, Japan, China, Malaysia, and internationally. It operates through Brand Business Group; and Other Business..."
2441.TW,半導體業,"Greatek 電子s Inc., 及其 子公司, 提供 半導體 assembly and 測試 服務 in 台灣, Asia, America, Europe, and Africa. It offers wafer and final 測試 服務, including 測試 program development, platform conversion, devices correlation, engineering, test ..."
1722.TW,化學工業,"台灣 Fertilizer Co., Ltd., 及其 子公司, 製造 and 銷售 inorganic and organic fertilizers, and other chemical 產品 in 台灣 and internationally. It operates in three segments: Fertilizer and Chemical; 房地產 and Investment Business; and Others. The company offer..."
6510.TWO,半導體業,"Chunghwa Precision Test Tech. Co., Ltd., 及其 子公司, 從事 the 測試 of 半導體 零組件 in 台灣, Republic of China, and internationally. The company is involved in the 設計, processing, assembly, production, and sale of printed circuit boards and related consu..."
5880.TW,貿易百貨,"台灣 Cooperative 金融 Holding Co., Ltd., 及其 子公司, 提供 銀行, 保險, securities, bills finance, investment trust, asset management, and capital management 服務 in 台灣. The company offers general deposits and loans. It is also involved in the planning, m..."
2408.TW,半導體業,"Nanya 科技 Corporation research, 開發, 製造, and 銷售 半導體 產品 in 台灣, Japan, Malaysia, China, the United States, Thailand, Germany, Singapore, Poland and internationally. It offers standard dynamic random-access 記憶體 (DRAM), low 電力 DRAM, MCP and eMCP, and KG..."
5274.TWO,半導體業,"ASPEED 科技 Inc. operates as a fabless integrated circuit (IC) 設計 company in 台灣, China, the United States, and internationally. The company is involved in the 設計 and sales of multimedia IC, 電腦 peripheral IC, and advanced image processing IC. It also offers 2D VGA, BMC, and KV..."
1560.TW,電機機械,"Kinik 公司 produces and 銷售 various abrasives, cutting tools, and reclaimed 晶圓 in 台灣 and internationally. It offers conventional grinding wheels, diamond/CBN grinding wheels, DLC coatings, reclaimed 晶圓, porous ceramic chuck tables, CMP diamond disks, ultra precision machining tools,..."
3324.TWO,其他電子業,"Auras 科技 Co., Ltd. 從事 the manufacturing, processing, and 零售ing of 電子 材料 and 電腦 cooling modules in China, 台灣, Ireland, Singapore, the United States, and internationally. The company 提供 伺服器 for Al-GPU, CPU, and switch; notebook for gaming, commerc..."
2388.TW,半導體業,"VIA Technologies, Inc. 從事 the programming, 設計, manufacture, and sale of 半導體s and PC chip sets. The company offers 車用 solutions, including a range of VIA Mobile360 systems and devices that use a suite of AI-電力ed people detection, driver safety system, and sensor fusio..."
1326.TW,塑膠工業,"Formosa 化學品 & Fibre Corporation produces and 銷售 petrochemical 產品, nylon, and rayon fibers in 台灣 and internationally. The company offers plastic 產品, including PS resin, ABS resin, PP resin, PC resin, homopolymer PP, polycarbonate, PC/ABS alloy, PP composite 材料, SAN and..."
6147.TWO,半導體業,"Chipbond 科技 Corporation, 及其 子公司, 從事 the research, development, manufacture, and sale of driver IC and non-driver IC 封裝 and 測試 服務 in 台灣 and internationally. The company offers back and front side metallization processing 服務; bumping ..."
9938.TW,其他,"台灣 Paiho 有限公司 製造 and 銷售 touch fasteners, webbing, elastic, easy tape, jacquard digital woven fabric, jacquard engineered mesh, and other functional auxiliary 材料 and textile fabrics in 台灣, China, Vietnam, and internationally. The company offers webbing, such as footwear..."
3661.TW,半導體業,"Alchip Technologies, 有限公司, 及其 子公司, 從事 the research, 設計, development, and manufacturing of application specific 積體電路 and system on a chip in the United States, China, Japan, 台灣, and internationally. It offers ASIC 設計 服務, including So..."
2609.TW,觀光餐旅,"Yang Ming Marine Transport Corporation, 及其 子公司, 提供 航運, repair, and chartering 服務 in 台灣, the America, Europe, Asia, and internationally. The company purchases and 銷售 ships, containers, and chassis. It acts as a property, 航運, and forwarding and in..."
3008.TW,光電業,"Largan Precision Co., Ltd., 及其 子公司, 設計s, 製造, and 銷售 precision 光學 plastic 鏡頭 in China, South Korea, Vietnam, Japan, 台灣, and internationally. The company offers mobile phone lens, voice coil motors, image lens modules, sleep health monitoring produ..."
2915.TW,綜合,"Ruentex Industries Ltd. 從事 manufacturing, processing, dyeing, printing, and marketing woven fabrics, garments, knitted fabrics, and woven fabrics 產品 in 台灣 and rest of Asia. It operates through Textile, 零售, Operating 營造 Sector, Investment, and Department of Hypermarket..."
6188.TWO,電腦及週邊設備業,"Quanta Storage Inc. researches, 開發, produces, 製造, and 銷售 data storage and processing 設備, 電子 零組件, 光學 instruments, and 工業 robots. It operates in three segments: The Mainland China Operation Center, The Southeast Asia Operation Center, and The Taiwa..."
6278.TW,光電業,"台灣 Surface Mounting 科技 Corp. 從事 the 設計, processing, manufacturing, and trading of TFT-LCD 面板, general 電子 information 產品, and PCB surface mount 封裝 worldwide. The company 提供 digital camera and cellular phone LCD panel, notebook and television TFT-..."
2891.TW,貿易百貨,"CTBC 金融 Holding Co., Ltd., 及其 子公司, 從事 corporate and personal finance, life 保險, and other businesses in 台灣, Asia, and North America. The company offers commercial 銀行 and capital market 服務; customized financing and wealth management and cred..."
8299.TWO,半導體業,"Phison 電子s Corp., 及其 子公司, 設計s, 製造, and 銷售 flash 記憶體 controllers and peripheral system applications in Asia, the United States, Europe, Australia, and internationally. The company offers solid-state drives (SSDs); external SSDs with thunderbolt or U..."
2327.TW,電子零組件業,"Yageo Corporation, 及其 子公司, 製造 and 銷售 電子 零組件 in China, Europe, the United States, and the rest of Asia. It offers antennas, radio frequency, and microwave; capacitors; circuit protection; custom 產品; electromechanical devices; EMC; engineering ..."
5876.TW,貿易百貨,"The Shanghai Commercial & Savings Bank, Ltd. 提供 various commercial 銀行 服務 in 台灣 and Hong Kong. The company offers time, savings, demand, checking, and negotiable certificate of deposit accounts, as well as remittance 服務. In addition, it offers traveling, human resources, in..."
2409.TW,光電業,"AUO Corporation 從事 the research, development, production, and sale of thin film transistor liquid crystal 顯示器s (TFT-LCDs) and other flat panel 顯示器s for various applications. The company operates through two segments, 顯示器 and 能源. It also 設計s, 製造, and 銷售 ingots..."
3653.TW,電子零組件業,"Jentech Precision 工業 Co., Ltd, 及其 子公司, 製造, processes, and trades in precision tooling, and 電子 parts and 零組件 in 台灣 and China. The company offers thermal heat spreaders, 半導體 lead frames and injection molding, peripheral device and ..."
8150.TW,半導體業,"ChipMOS TECHNOLOGIES INC. 從事 the 研發, manufacture, and sale of 積體電路, and related assembly and 測試 服務 in 台灣, Japan, the People's Republic of China, and internationally. It operates through five segments: 測試; Assembly; 顯示器 Panel Driver..."
2367.TW,電子零組件業,"Unitech Printed Circuit Board Corp. 從事 the 設計, manufacture, and sale of printed circuit boards (PCB) in 台灣. The company offers multilayer, high-density interconnection (HDI), and rigid-flex PCBs, as well as high frequency laminates. Its 產品 are used in smart devices. The company..."
1609.TW,電器電纜,"Ta Ya Electric Wire & Cable Co., Ltd., 及其 子公司, 從事 the manufacture and sale of electric wires and cables in 台灣 and rest of Asia. It operates through Wire and cable department and 太陽能 電力 Plants segments. The company offers 電力, telecommunication, 光學 fibe..."
2801.TW,貿易百貨,"Chang Hwa Commercial Bank, Ltd., 及其 子公司, 提供 commercial 銀行 產品 and 服務 in 台灣 and internationally. The company offers deposit 產品, including checking, demand, time, omnibus, and savings deposits, as well as foreign 服務, including currency depo..."
2421.TW,電子零組件業,"Sunonwealth Electric Machine Industry Co., Ltd., 及其 子公司, researches, 製造 and 銷售 precision motors and cooling fans worldwide. The company 從事 general investment, 房地產, 銷售 garden fans. Sunonwealth Electric Machine Industry Co., Ltd. is headquartered..."
2887.TW,貿易百貨,"TS 金融 Holding Co., Ltd., 及其 子公司, 提供 various 金融 產品 and 服務. It offers wealth management 服務, such as 金融 consulting, tax planning, trust, asset allocation advisory 服務, TWD and FCY deposits, investment, and 保險 產品; con..."
1440.TW,紡織纖維,"Tainan Spinning Co., Ltd. 從事 the manufacture and sale of various textile 產品 and synthetic fiber 材料 in 台灣, Mainland China, Hong Kong, Vietnam, and internationally. The company offers yarns, polyester fiber, polyester filament yarn, draw textured yarn, polyester chips, fiber/f..."
2548.TW,航運業,"Huaku Development Co., Ltd. builds, constructs, 銷售, and leases residential and commercial buildings in 台灣 and China. It also rents and 銷售 and leases general 工業 factories and warehouses. The company was formerly known as Huaku 營造 Co., Ltd. The company was founded in 1989 a..."
00679B.TWO,未知,-
006205.TW,未知,-
2892.TW,貿易百貨,"First 金融 Holding Co., Ltd., 及其 子公司, 提供 various 金融 產品 and 服務 in Asia, North America, Oceania, and Europe. It operates through four segments: Bank, Security, 保險, and Other. The company 從事 commercial 銀行 產品 and 服務; t..."
6213.TW,電子零組件業,"ITEQ Corporation 從事 the manufacture and sale of copper clad laminate 材料 used for fabrication of printed circuit boards in 台灣, Asia, Europe, and internationally. It offers mass lamination boards, copper clad laminates, prepreg 產品, and 電子 零組件, as well as import ..."
6505.TW,油電燃氣業,"Formosa Petrochemical Corporation, 及其 子公司, 從事 the production and sale of petroleum 產品 and petrochemical raw 材料 in 台灣, Australia, South Korea, the Philippines, Singapore, Malaysia, Mainland China, and internationally. The company offers gasoline, diese..."
1101.TW,水泥工業,"TCC Group Holdings Co., Ltd. 製造 and markets cement, cement-related 產品, and ready-mixed concrete in Asia, Europe, and Africa. It operates through Cement, Electricity and 能源, Social Aspect of 能源 Transition, and Other segments. The company is also involved in the thermal and ren..."
1907.TW,鋼鐵工業,"YFY Inc., an investment holding company, 製造 and 銷售 paper and paper-related 產品 in 台灣. It 提供 forest, fine paper, and board 產品; 工業 paper and paper containers, such as kraft paper and corrugated paper, corrugated cardboard boxes, corrugated cardboard, colored c..."
8163.TW,電腦及週邊設備業,"Darfon 電子s Corp. 從事 the production and sale of 電腦 peripherals, 電力 supply 零組件, green 能源 零組件, and integrated 零組件 and 材料. The company offers IT peripherals, such as 電腦, mobile, and gaming 產品; passive 零組件, including MLCC, induct..."
2498.TW,通信網路業,"HTC Corporation, 及其 子公司, 設計s, 製造, assembles, processes, and 銷售 virtual reality devices and smart mobile devices in 台灣 and internationally. The company 提供 VIVE AI glasses, 智慧型手機, blockchain phones, and 5G hub 產品, as well as accessories. I..."
1216.TW,食品工業,"Uni-President Enterprises Corp. 從事 the manufacture and sale of beverages and instant noodles in 台灣, China, and Southeast Asia. It operates through Beverages, Food, and Others segments. The company offers animal feeds, wheat flour, and aquatic 產品; dairy, tea, coffee, water, and gene..."
2458.TW,半導體業,"ELAN Micro電子s Corporation operates as a 半導體 company in 台灣, Mainland China, Hong Kong, the United States, Europe, and internationally. It offers embedded microcontrollers and systems, digital signal processors, 電腦 peripheral control 積體電路 and systems, fingerp..."
6176.TW,光電業,"Radiant Opto-電子s Corporation 從事 the manufacture and sale of backlight modules and light guide plates for liquid crystal 顯示器 面板 (LCD) in Asia, Europe, and the United States. The company's 產品 are used in various applications, including 智慧型手機, DSC, video phones, tabl..."
0050.TW,未知,-
2886.TW,貿易百貨,"Mega 金融 Holding Co., Ltd. 提供 various 金融 服務 in 台灣. It offers brokerage, dealing and underwriting of short-term debt instruments and 金融 debentures; notary 服務 for short-term debt instruments and 金融 debentures; guarantee or endorsement 服務 for short..."
9904.TW,運動休閒,"Pou Chen Corporation 設計s, 製造, and 銷售 various shoes in 台灣 and internationally. It offers athletic, casual footwear, outdoor shoes, sports apparel and accessories; operates entertainment and resort; imports and exports shoe related 材料; operates of land demarcation; leases a..."
1314.TW,塑膠工業,"China Petrochemical Development Corporation, 及其 子公司, produces and 銷售 of petroleum, alkali-chlorine, phosphoric acid, and other petrochemical 產品 and by-產品 in 台灣, rest of Asia, and internationally. It also 提供 caprolactam for use as a raw material for ma..."
2353.TW,電腦及週邊設備業,"Acer Incorporated research, 設計s, markets, and 銷售 電腦s and 顯示器 產品 台灣 and internationally. The company offers notebook and desktop PCs; monitors; projectors; connectivity devices; tablets; gaming 產品; gadgets and fashion; 伺服器; 工業 電腦s; and integrated IT ..."
8046.TW,電子零組件業,"Nan Ya Printed Circuit Board Corporation 製造 and 銷售 printed circuit boards (PCBs) in 台灣, the United States, Mainland China, Korea, and internationally. It offers conventional PCBs that are used in the motherboards of desktops and notebooks, and home electrical appliances; high densit..."
3532.TW,半導體業,"Formosa Sumco 科技 Corporation 從事 the manufacture, sale, and trade of silicon 晶圓 in 台灣, Japan, and China. It offers polished, annealed, and epitaxial 晶圓, as well as monocrystalline ingots. Formosa Sumco 科技 Corporation was incorporated in 1995 and is based in Taipei,..."
2356.TW,電腦及週邊設備業,"Inventec Corporation, 及其 子公司, 開發, manufacture, processes, and trades in 電腦s and related 產品 in 台灣, the United States, Japan, Hong Kong, Macau, Mainland China, and internationally. The company operates through Core Department and Other Department segments...."
2312.TW,其他電子業,"Kinpo 電子s, Inc. 設計s, 製造, and 銷售 消費性 電子s, web-based 通訊, 電腦 peripherals, and storage 產品 in 台灣, rest of Asia, the Americas, and internationally. The company offers 消費性 電子s, such as programming learning robots, commercial ent..."
2439.TW,通信網路業,"Merry 電子s Co., Ltd. 從事 the manufacture, processing, repair, and sale of electric appliances and audiovisual electric 產品 in the United States, 台灣, Singapore, Europe, the Mainland China, and internationally. It 提供 telecommunication 設備 and apparatus, 電腦s and..."
2913.TW,綜合,"台灣 Tea Corporation 從事 the plantation, cultivation, production, and sale of tea 產品 in 台灣. It also 從事 the recreational tea farming land development activities; and marketing channel business. In addition, the company involved in the 營造 engineering business, incl..."
3189.TW,半導體業,"Kinsus Interconnect 科技 Corp., 及其 子公司, 從事 the manufacture and sale of 電子 產品 in 台灣 and internationally. It operates through the IC Substrate and Optics segments. The company offers system in package substrate, a carrier substrate that 提供 ..."
2328.TW,電子零組件業,"Pan-International 工業 Corp., 及其 子公司, 提供 電子 manufacturing 服務 to 科技 companies in China, Hong Kong, Malaysia, the United States, Singapore, and 台灣. It operates through 電子 零組件 and 消費性 電子s and 電腦 Peripherals ..."
8069.TWO,光電業,"E Ink Holdings Inc. researches, 開發, 製造, and 銷售 電子 paper 顯示器 面板 worldwide. It offers high-resolution modules for use in eReaders, 電子 shelf labels, eNotes, smart 顯示器 cards, ePaper mobile devices, luggage and logistic tags, mobile device, IoT, digital sign..."
00719B.TWO,未知,-
8358.TWO,電子零組件業,"Co-Tech Development Corporation, 及其 子公司, 從事 the production and sale of copper foil for the copper clad laminate and printed circuit board industries in 台灣 and China. It is also involved in investment activities. The company was formerly known as Co-Tech Copper Foi..."
1476.TW,紡織纖維,"Eclat Textile Co., Ltd. 從事 the 設計, 製造, processing, dyeing, trade, marketing, and sale of elastic knitted fabrics, garments, and clothing in 台灣 and internationally. It also invests in securities, 房地產, and manufacturing businesses. The company was incorporated in 1977..."
6472.TW,生技醫療業,"Bora Pharmaceuticals Co., LTD. 從事 contract development, manufacture, and sale of pharmaceuticals in Europe, the United States, 台灣, and internationally. The company operates through Sales, CDMO, and Other segments. It 製造 and 銷售 generic, brand, and over the counter (OTC) drugs..."
3264.TWO,半導體業,"Ardentec Corporation 從事 the provision of 半導體 測試 solutions in 記憶體, logic, and mixed-signal ICs to integrated device manufacturers, pure play wafer foundry companies, and fabless 設計 companies in the United States, 台灣, Singapore, Korea, China, Europe, and international..."
2457.TW,電子零組件業,"Phihong 科技 Co., Ltd. operates as a 電力 supply company in 台灣. The company offers adapters, such as desktop adapter, fixed plug wall adapter, and interchangeable plug wall adapter; 電力-over-ethernet solutions, including PoE injector and splitter, media converter, and PoE to USB C; and ..."
8086.TWO,半導體業,"Advanced Wireless 半導體 公司 從事 research, development, production, 測試, and sales of gallium arsenide (GaAs) 晶圓 in 台灣. The company offers InGaP/GaAs heterojunction bipolar transistor process for 電力 amplifier and gain block circuit 設計s; GaAs enhancement/depletion..."
2006.TW,橡膠工業,"Tung Ho Steel Enterprise Corporation, 及其 子公司, produces and 銷售 steel 產品 in 台灣. It offers re-bars, such as round bar, screwed re-bar, Compact rebar, Tensile, and deformed steel re-bar 產品 for building projects; and formed steel 產品, including H-beams, I-b..."
3042.TW,電子零組件業,"TXC Corporation 從事 the 研發, 設計, production, and sale of crystal units and oscillator 產品 in 台灣 and internationally. It offers ThermSym OCXO, TCXO, MHz XO, kHZ XO, Controlled Crystal Oscillators (VCXO), Temperature Sensing Crystal (TSX), MHz Crystal, and kHz ..."
2882.TW,貿易百貨,"Cathay 金融 Holding Co., Ltd., through its 子公司, 提供 various 金融 產品 and 服務 in 台灣, rest of Asia, and internationally. The company offers 消費性 銀行 服務, such as deposit and remittance 服務; and credit 服務, including secured and unsecured con..."
2633.TW,觀光餐旅,"台灣 High Speed Rail Corporation constructs, operates, and manages railway systems and related facilities in 台灣. The company operates a 350-kilometer rail system passing through Nangang, Taipei, Banqiao, Taoyuan, Hsinchu, Miaoli, Taichung, Changhua, Yunlin, Chiayi, Tainan, and Zuoying stations..."
1312.TW,塑膠工業,"Grand Pacific Petrochemical Corporation 從事 the manufacture and sale of petrochemical and other chemical 產品 in 台灣. The company offers styrene monomer, an intermediate used in manufacturing PS resin, ABS resin, styrene butadiene rubber, and unsaturated polyester. It also 提供 ABS..."
8044.TWO,數位雲端,"PChome Online Inc., 及其 子公司, 提供 e-commerce, fintech, and web portal 服務 in 台灣. It operates through E-Commerce-Sales, Market Place, Fintech, and Other segments. The company operates PChome 24h Shopping, a B2C online shopping platform; Ruten, a C2C auction site; P..."
5388.TW,通信網路業,"Sercomm Corporation 從事 the provision of integrated 網路ing and telecom solutions, and 設備 in the Americas, Asia, Europe, and internationally. The company offers mobile IOT devices, customer premises 設備, small cell and mobile module solutions. It also offers IoT solutions such..."
3078.TWO,電子零組件業,"Channel Well 科技 Co.,Ltd. researches, 開發, produces, sale of 電力 supply and various 電子 零組件 in 台灣, rest of Asia, the United States, Europe, and internationally. It offers PC and IPC 電力, PoE injector and modular, open frame, adapter, AI intelligent 電力 supply syst..."
2515.TW,航運業,"BES Engineering Corporation 從事 the 營造 and engineering businesses. It operates through 營造 Engineering, 營造 and Development, and Other segments. The 營造 Engineering segment undertakes civil and architectural engineering contracting projects, including road..."
9939.TW,其他,"台灣 Hon Chuan Enterprise Co., Ltd. 製造 and 銷售 various 封裝 材料 for the food and beverage industries in 台灣, Mainland China, Southeast Asia, and internationally. The company offers plastic caps, preforms, PET bottles, labels, claw caps, and aluminum caps, and other produc..."
4162.TWO,生技醫療業,"PharmaEngine, Inc., a biopharmaceutical company, 從事 the development of drugs and therapeutic drugs for treating cancer in 台灣. It offers ONIVYDE, a cancer medicine that blocks an enzyme called topoisomerase I, which is involved in copying cell DNA needed to make new cells. The company is ..."
00687B.TWO,未知,-
2313.TW,電子零組件業,"Compeq Manufacturing Co., Ltd., 及其 子公司, 製造 and 銷售 printed circuit boards for 電腦s in 台灣, the United States, rest of Asia, Europe, and internationally. The company offers high layer, rigid-flex, flexible, regular multi-layered, and high-density interconne..."
1802.TW,造紙工業,"台灣 Glass Ind. Corp. 製造, processes, and 銷售 various glass 產品 in 台灣, China, and internationally. The company operates through Flat-panel, Glassware, and Glass Fibers segments. The company offers float and processed glass; auto glass; ultra-thin glass; photovoltaic glass; and ..."
3691.TWO,光電業,"Giga 太陽能 材料 Corp. 從事 the 研發, manufacture, and sale of 太陽能 conductive plasma. It 提供 conductive pastes for photovoltaic cells, such as front and rear Ag, and rear Al pastes. The company was founded in 2003 and is based in Hsinchu City, 台灣."
6285.TW,通信網路業,"WNC Corporation, 及其 子公司, 從事 the research, development, manufacture, and sale of satellite, mobile, and portable communication 設備 in the Americas, Asia, Europe, and internationally. The company offers wired and wireless communication 設備, 網路ing equipm..."
2481.TW,半導體業,"PANJIT International Inc. 製造, processes, assembles, imports, and exports 半導體s in 台灣, Asia, the Americas, Europe, and internationally. It 製造 and 銷售 晶圓, 電力 零組件, and control modules. The company also 從事 the 研發, 設計, man..."
3045.TW,通信網路業,"台灣 Mobile Co., Ltd. 提供 電信, broadband, 零售, digital, and 金融 服務 in 台灣 and internationally. It operates through 電信, 零售, Cable Television and Broadband, and Others segments. The company 提供 5g, postpaid, prepaid, e-sim, international..."
2634.TW,觀光餐旅,"Aerospace 工業 Development Corporation 從事 the manufacturing and maintenance of airplanes and its parts and component in 台灣. It 提供 military aircrafts and helicopters, commercial aviation, and aero/工業 engines. It also 從事 the manufacturing maintenance and upgrada..."
2027.TW,橡膠工業,"Ta Chen Stainless Pipe Co., Ltd. 製造, processes, and 銷售 stainless steel pipes, plates, and fittings, and venetian blinds in 台灣, the United States, China, and internationally. It operates in Stainless Steel and Aluminum, Aluminum 產品 Manufacturing, and Screws and Nuts segments. T..."
2308.TW,電子零組件業,"Delta 電子s, Inc., 及其 子公司, 提供 電力 and thermal management solutions in Mainland China, the United States, 台灣, Thailand, and internationally. It operates through 電力 電子s, Mobility, Automation, and Infrastructure segments. The company offers inductors..."
4904.TW,通信網路業,"Far EasTone 電信 Co., Ltd. 提供 mobile 電信 服務 in 台灣 and internationally. The company offers postpaid 產品, such as wireless postpaid and broadband, and data booster; prepaid 產品; and SMS and eSIM 產品. It also 提供 mobile communication and ..."
2884.TW,貿易百貨,"E.SUN 金融 Holding 公司, Ltd., 及其 子公司, offers various 金融 銀行 產品 and 服務 in 台灣. It operates through Corporate 銀行 Unit; Individual 銀行 Unit; Overseas Branches and 子公司; and Others segments. The company 提供 deposits; bills/..."
3081.TWO,通信網路業,"LandMark Opto電子s Corporation 從事 the manufacture and sale of opto電子 半導體s in 台灣, China, the United States, and internationally. It also 製造 and 銷售 indium phosphide and gallium arsenide epi-晶圓 and chips, and laser diode and light-emitting diode prod..."
2231.TW,建材營造,"Cub Elecparts Inc. 從事 manufacturing, processing, and sales of various 車用 parts, 車用 motor switches in 台灣, the United States, China, Germany, and internationally. The company operates through 車用 Parts Division and Communication 設備 and Engineering Department s..."
2542.TW,航運業,"Highwealth 營造 Corp., 及其 子公司, 從事 the development, 營造, leasing, and sale of residential and commercial buildings in 台灣. It operates through the 營造, and Hotels and Other Department segments. The company offers 房地產 agency brokerag..."
2105.TW,汽車工業,"Cheng Shin Rubber Ind. Co., Ltd., together with 子公司, 從事 the processing, manufacturing and trading of rickshaw tires, motor vehicle tires, recycled rubber, various tape resins, and other rubber 產品. It is also involved in the manufacturing and trade of various rubber 產品 an..."
6239.TW,半導體業,"電力tech 科技 Inc., 及其 子公司, researches, 設計s, 開發, assembles, 製造, packages, tests, and 銷售 various integrated circuit (IC) 產品 in 台灣, Japan, Singapore, the United States, Europe, China, Hong Kong, Macao, and internationally. It 提供 chi..."
3374.TWO,半導體業,"Xintec Inc. operates as a wafer level chip scale 封裝 company in Asia, the United States, and Europe. The company 提供 wafer level chip scale 封裝, wafer-level back cover 封裝, and 測試 服務 for 半導體s. It also offers 光學 sensor chip scale 封裝 服務 com..."
2303.TW,半導體業,"United Micro電子s Corporation operates as a 半導體 wafer foundry in 台灣, China, Hong Kong, Japan, Korea, the United States, Europe, and internationally. It 製造 and 銷售 積體電路. The company offers circuit 設計; mask tooling; wafer fabrication; and assembly and..."
6290.TWO,電子零組件業,"Longwell 公司 製造 and 銷售 電力 cords, cable assemblies, and charger plugs in 台灣, China, the United States, Japan, and internationally. It offers raw cables, 電力 cords, charging connectors, Hi-amp cables, jumper cords, data cables, duck head cables, braided 電力 cords, and wire ..."
6269.TW,電子零組件業,"Flexium Interconnect, Inc., 及其 子公司, 從事 the 設計, development, manufacture, and sale of flexible printed circuit boards and related 產品 in 台灣, China, rest of Asia, Europe, and the Americas. The company operates through Printed Circuit Board and Other segment..."
3443.TW,半導體業,"Global Unichip Corp. 從事 the 研發, production, 測試, and sale of embedded 記憶體 and logic 零組件, analog 零組件, cell libraries, and EDA tools for various IC applications. It offers ASIC and wafer 產品, as well as non-recurring engineering 服務. The com..."
3260.TWO,半導體業,"ADATA 科技 Co., Ltd. 製造 and 銷售 記憶體 產品 worldwide. The company 提供 電腦 記憶體 產品, solid state drives (SSDs), external SSDs/external hard drives, USB flash drives, 記憶體 cards, 電力 banks, USB cables, and AI translators. It also offers axial flux motors, ai..."
3019.TW,光電業,"Asia 光學 Co., Inc. 製造, processes, and 銷售 cameras, riflescopes, photocopier lens, scanner lens and 光學 零組件 in 台灣 and internationally. The company offers 光學 零組件, such as injection molded plastic lens, precision glass molding of aspherical lens, precision coa..."
6173.TWO,電子零組件業,"Prosperity Dielectrics Co., Ltd. 製造, processes, and 銷售 chip capacitors, chip resistors, dielectric ceramic powder, and magnetic 零組件 in Asia, the United States, and Europe. The company offers multilayer ceramic capacitors, such as safety certified capacitor, high and medium voltag..."
2485.TW,通信網路業,"Zinwell Corporation 從事 the research, manufacturing, and sale of digital cable video transmission system and digital satellite communication transmission system in 台灣, Europe, the United States, Asia, and internationally. The company offers satellite and terrestrial 產品, such as digi..."
3293.TWO,文化創意業,"International Games System Co.,Ltd. plans, 設計s, researches, 開發, 製造, markets, 服務, and licenses arcade, online, and mobile games in 台灣, the United Kingdom, Curacao, and Malta. The company offers arcade games, such as MONSTER EYE 3,ASPHALT MOTO BLITZ DX, SAILOR'S QUEST VR,..."
2059.TW,電子零組件業,"King Slide Works Co., Ltd., 及其 子公司, researches, 設計s, 製造, distributes, and 銷售 rail kits for cloud 伺服器, 網路 通訊, kitchen ware, and 
消費性 電子s in 台灣, the United States, China, and internationally. The company offers ultra-thin s..."
8436.TWO,生技醫療業,"TCI Co., Ltd., an original 設計 manufacturer company, 從事 the manufacturing, 批發, and 零售 of health foods and cosmetics 產品 in 台灣, Mainland China, the United States, and internationally. The company offers liquid and solid supplements; immunity 產品; functional probiot..."
1590.TW,電機機械,"Airtac International Group 製造 and 銷售 pneumatic control 零組件 in 台灣 and internationally. The company offers preparation units and control 零組件 comprising solenoid, pneumatic and flow control, ordinary coils, and other valves. It also 提供 actuators, such as standard, m..."
3227.TWO,半導體業,"PixArt Imaging Inc., 及其 子公司, researches, 設計s, produces, and 銷售 CMOS image sensors and related ICs in 台灣 and internationally. The company offers 光學 mouse, tracking, and finger navigation sensors, as well as 光學 encoders; and multiple objects tracking, optic..."
5457.TWO,電子零組件業,"Speed Tech Corp. 設計s, research and 開發, 製造, and 銷售 connectors for use in communication, 電腦s, 車用, and 消費性 電子 industries in 台灣, China, Hong Kong, Southeast Asia, South Asia, and internationally. It operates in Connector Department; and Molds and Pla..."
2368.TW,電子零組件業,"Gold Circuit 電子s Ltd. 從事 the manufacturing, processing, and trading of 電子 設備 產品, such as printed circuit boards in 台灣. Its 產品 are used for AI/ Advanced Server, 網路ing, notebook, handset 產品, 車用, and IC tests 產品. The company was fo..."
2615.TW,觀光餐旅,"Wan Hai Lines Ltd. operates as a fully containerized 航運 company in Asia, the Middle East, India, Red Sea, the United States, and South America. The company 從事 international marine and freight transportation; and management of container. It also 提供 cargo tracking/terminal info, sh..."
2301.TW,電腦及週邊設備業,"Lite-On 科技 Corporation, 及其 子公司, 從事 the research, 設計, manufacturing, and sale of opto電子 半導體 零組件 and 電力 managements modules in Asia, the Americas, Europe, and internationally. The company offers opto電子 半導體s, incl..."
2379.TW,半導體業,"Realtek 半導體 Corp., 及其 子公司, 從事 the research, development, production, and sale of various 積體電路 and related application 軟體 in 台灣, Asia, and internationally. It 提供 通訊 網路 ICs, including broadband access controllers..."
2885.TW,貿易百貨,"Yuanta 金融 Holding Co., Ltd., 及其 子公司, 提供 金融 服務 in 台灣. The company offers brokerage, investment 銀行, derivative 產品, fixed income, institutional brokerage, international finance, strategic trading, overseas business, digital finance, reg a..."
6116.TW,光電業,"HannStar 顯示器 Corporation 從事 research, 設計, manufacture, sale, and repair of thin film transistor liquid crystal 顯示器s ans touch 面板 in 台灣. The company is also involved in TFT-LCD 面板, flat panel 顯示器s, surveillance cameras, and related 零組件 business. In addition,..."
1210.TW,食品工業,"Great Wall Enterprise Co., Ltd. 從事 agricultural and animal 產品 business in 台灣, China, Indonesia, Vietnam, Malaysia, and Cambodia. The company is involved in edible oil and fat manufacturing and 批發; food dealership; grain husking; manufacturing of grain mill 產品, starches..."
2338.TW,半導體業,"台灣 Mask Corporation 從事 the research, development, manufacturing, and sales of photomasks and 積體電路 for the 半導體 industry in 台灣, rest of Asia, and internationally. The company offers photomask data 服務, including mask rule check, remote JDV, and CAD 設計 ..."
2881.TW,貿易百貨,"Fubon 金融 Holding Co., Ltd. 提供 various 金融 產品 and 服務 in 台灣, Asia, and internationally. It operates through 銀行 Business, Property 保險 Business, Life 保險 Business, Securities Business, and Others segments. The company offers 保險 產品, includ..."
2492.TW,電子零組件業,"Walsin 科技 Corporation, 及其 子公司, 開發, 製造, and 銷售 passive 電子 零組件 in Asia, America, and Europe. It 提供 chip capacitors, chip resistors, ceramic dielectric powders, and magnetic elements. It also researches, 開發, 製造, and..."
2355.TW,電子零組件業,"Chin-Poon 工業 Co., Ltd. 從事 the manufacturing, processing, and trading of printed circuit boards. The company 提供 single-sided, double-sided, high frequency, and multilayer printed circuit boards; metal base and pedestal; HDI and IVH; heavy copper; flexible PCB; and Cu inlay and b..."
2383.TW,電子零組件業,"Elite Material Co., Ltd. 從事 the manufacturing and sales of copper clad laminates, 電子-工業 specialty chemical and raw 材料, and 電子 零組件 in 台灣, China, and internationally. The company also offers printed circuit boards, prepreg, and adhesive sheets. Its pro..."
3005.TW,電腦及週邊設備業,"Getac Holdings Corporation, 及其 子公司, researches, 開發, 製造, and 銷售 notebook 電腦s and related 產品 in China, the United States, Europe, and internationally. The company operates through 電子 Parts; Structure Parts; and Aerospace Fasteners segments..."
6153.TW,電子零組件業,"Career 科技 (Mfg.) Co., Ltd. 從事 the 設計, 研發, manufacturing and processing, trading, and import and export of flexible circuit boards in 台灣, China, the United States, and internationally. It offers single-sided, double-sided, double access, and multilayer fl..."
2454.TW,半導體業,"MediaTek Inc. 從事 the research, development, production, manufacture, and marketing of multimedia 積體電路 (ICs) in 台灣, rest of Asia, and internationally. The company offers multimedia, 電腦 peripherals oriented, 消費性-oriented, and other ICs for various applications. It..."
2412.TW,通信網路業,"Chunghwa Telecom Co., Ltd., 及其 子公司, operates as an integrated 電信 service provider in 台灣 and internationally. The company operates through 消費性 Business, Enterprise Business, International Business, and Others segments. Its 服務 primarily include mo..."
2345.TW,通信網路業,"Accton 科技 Corporation 開發, 製造, and 銷售 電腦 網路 systems and wireless land area 網路 (LAN) 硬體 and 軟體 產品 in 台灣 and internationally. The company offers 800G AI/ML fabrics, fiber 光學 transceivers, hyper 網路 appliances, and edge 伺服器, a..."
2201.TW,建材營造,"Yulon Motor 公司 Ltd. 製造 and markets automobiles and related 產品 in 台灣, China, and internationally. It operates through Brand Department, Cooperation Department, Level System, 台灣 Passage System, China Access System, and Others segments. The company 製造, imports, ex..."
6414.TW,電腦及週邊設備業,"Ennoconn Corporation, 及其 子公司, 提供 integrated cloud management 服務, 工業 IoT, and embedded 科技 in 台灣, China, Europe, and internationally. The company operates through three segments: 工業 IoT Business Group, the Intelligent 軟體 and Solutio..."
6669.TW,電腦及週邊設備業,"Wiwynn Corporation 從事 the research, development, 設計, 測試, and sales of semi 產品, and peripheral 設備 and parts in the United States, Europe, Asia, and internationally. The company also offers 電腦 and peripheral 設備, data storage media 產品, electric appliance..."
4958.TW,電子零組件業,"Zhen Ding 科技 Holding 有限公司, 及其 子公司, 從事 the 設計, development, manufacture, and sale of printed circuit boards (PCB) 產品 in the United States, Mainland China, 台灣, Singapore, and internationally. The company offers flexible circuit boards, substrate..."
3006.TW,半導體業,"Elite 半導體 Micro電子s 科技 Inc. 從事 the research, development, production, manufacturing, and sales of dynamic and static random-access 記憶體, flash 記憶體, analog integrated circuit, analog, and digital mixed integrated circuit in 台灣, Asia, and internationally. It a..."
2360.TW,其他電子業,"Chroma ATE Inc. 設計s, assembles, 製造, 銷售, repairs, and maintains 軟體/硬體 for 電腦s and peripherals, 電腦ized automatic test systems, 電子 test instruments, signal generators, 電力 supplies, and telecom 電力 supplies in 台灣, China, the United States, and in..."
1301.TW,塑膠工業,"Formosa Plastics Corporation 從事 the manufacture and sale of plastic raw 材料, chemical fibers, and related petrochemical 工業 產品 in 台灣, China, and internationally. It operates through Plastic, Polyolefin, Polypropylene, Tairylan, Chemical, and Other segments. The company..."
2618.TW,觀光餐旅,"EVA Airways Corp., 及其 子公司, 從事 the aviation business in 台灣, Asia, Europe, Oceania, and the United States. The company involved in civil and general aviation transportation; 批發 and 零售 of 醫療 devices; and manufacture, sales, and maintenance of aircraft..."
5009.TWO,橡膠工業,"Gloria Material 科技 Corp. 從事 smelting, manufacturing, processing and sales of steel in 台灣, the United States, China, and internationally. The company offers austenitic, martensitic, ferrite, precipitation hardening, and duplex stainless steel; hot work, cold work, high speed, and ..."
6245.TWO,通信網路業,"Lanner 電子s Inc., 及其 子公司, 從事 the provision of 設計, engineering, and manufacturing 服務 for 網路 appliances and rugged 工業 電腦s in the United States, Hong Kong, Israel, China, 台灣, the Netherlands, Europe, and internationally. The compan..."
00772B.TWO,未知,-
3481.TW,光電業,"Innolux Corporation, 及其 子公司, 從事 the research, 設計, development, of 顯示器 面板 and related diversified cross-domain applications in 台灣, Hong Kong, the United States, Europe, Japan, China, and internationally. It 提供 -LCD TV, monitor, commercial 顯示器,..."
9945.TW,其他,"Ruentex Development Co.,Ltd. 從事 營造 business in 台灣 and internationally. It operates through 營造; Commercial 房地產; 營造 材料 Business; and Other Operating Departments segments. The company involved in the operation of shopping malls, self-operated cou..."
4128.TWO,生技醫療業,"Microbio Co., Ltd. researches, 開發, 製造, and trades in biotech drugs and health foods in 台灣. It 提供 MS-20 for fatigue and appetite loss associated with cancer chemotherapy; and Herbiron, which reveals symptoms of iron deficiency anemia in women before menopause and relieved dy..."
3211.TWO,電腦及週邊設備業,"Dynapack International 科技 Corporation 製造 and 銷售 lithium-ion battery packs in 台灣, the United States, and internationally. The company offers notebook, tablet PC, and mobile, 醫療 product, industry PDA, robot vacuum cleaner, and wireless charging battery packs, as well as p..."
1503.TW,電機機械,"Shihlin Electric & Engineering Corp. 製造 and 銷售 heavy electrical 設備 and 機械 and 車用 electrical 設備, devices, and related parts in 台灣, Mainland China, Vietnam, and internationally. The company offers automobile parts, such as alternators, starters, wiper syst..."
2014.TW,橡膠工業,"Chung Hung Steel Corporation 製造, process, and 銷售 steel 產品 in 台灣. The company 提供 hot-rolled steel coils, cold-rolled steel coils, steel pipes, and hot-rolled pickled and oiled steel coils; hot and cold rolled galvanized coils; piping/plumbing, structural, line, and casing..."
4743.TWO,生技醫療業,"Oneness Biotech Co., Ltd. 從事 the research, development, and sale of new drugs, pharmaceuticals, and health 產品 in 台灣. It operates through New Drug Research and Development, and Agricultural 產品 Cultivation and Organic Food segments. The company offers Fespixon which is a treatm..."
1608.TW,電器電纜,"Hua Eng Wire & Cable Co., Ltd. 從事 wire and cable business in 台灣. It 提供 oxygen-free copper wire for various wires and cables, and ultra-thin 電子 wires; special oxygen free copper, a special copper material for wind 電力 generation and electric vehicle industries; communicati..."
3035.TW,半導體業,"Faraday 科技 Corporation, 及其 子公司, operates as a fabless ASIC/SoC and silicon intellectual property (IP) provider in China, 台灣, Japan, the United States, and internationally. The company offers ASIC/SoC 設計 服務, including architecture exploration, integration..."
2880.TW,貿易百貨,"Hua Nan 金融 Holdings Co., Ltd., 及其 子公司, 提供 金融 服務 in 台灣 and internationally. It operates through Bank, Securities, 保險, and Other segments. The company 提供 various 銀行 服務, including commercial 銀行, offshore 銀行, oversea..."
5534.TW,航運業,"Chong Hong 營造 Co., Ltd., 及其 子公司, 從事 the 營造, sale, and leasing of residential and commercial buildings in 台灣. It operates in two segments, Building and 營造. The company leases factories; and undertakes civil engineering and 營造..."
3037.TW,電子零組件業,"Unimicron 科技 Corp., 及其 子公司, 從事 the manufacturing, processing, and sale of printed circuit boards, electrical 設備, 電子 產品, and integrated circuit product 測試 and burn-in systems in 台灣, China, Asia, the Americas, and internationally. T..."
2371.TW,電機機械,"Tatung Co., Ltd., through its 子公司, 提供 能源 saving and green 能源 related systems and 服務 in 台灣, Rest of Asia, Europe, America, and internationally. It operates through Electric 電力, system integration and new 能源; 電子 Manufacturing 服務; 消費性 Electroni..."
2337.TW,半導體業,"Macronix International Co., Ltd. 從事 the 設計, manufacture, and supply of 積體電路 and 記憶體 chips. The company 提供 a range of NOR flash, NAND flash, e MMC, and read-only 記憶體 產品. It also offers wafer foundry 服務 to IC 設計 and IDM companies; ArmorFlash, a se..."
6139.TW,其他電子業,"L&K Engineering Co., Ltd. 提供 turnkey engineering 服務 in 台灣, Hongkong, and internationally. It installs pipes, heating and air conditioning systems; 批發 and 零售 of 醫療 設備; imports, exports, customer development and after sales 服務.L&K Engineering Co., Ltd. was ..."
3017.TW,電腦及週邊設備業,"Asia Vital 零組件 Co., Ltd., 及其 子公司, 提供 total thermal solutions worldwide. It is involved in the manufacturing, installation, processing, sales, and import and export of various 電子 零組件, 電子 材料, communication 電子 機械 產品..."
2455.TW,通信網路業,"Visual Photonics Epitaxy Co., Ltd. 從事 the 研發, manufacture, and sale of micro電子 產品 in 台灣, the United States, and internationally. The company offers micro電子s epi 晶圓, including gallium arsenide (GaAs) heterojunction bipolar transistor (HBT), ..."
5483.TWO,半導體業,"Sino-American Silicon 產品 Inc. 從事 the 研發, 設計, manufacturing, and sale of 半導體 silicon 材料 and related 零組件, varistors, opto電子s, and communication wafer 材料. The company operates through 半導體 Business Group, Renewable ..."
3152.TWO,通信網路業,"Advanced Ceramic X Corporation 設計s, 製造, and 銷售 RF front-end devices and modules for wireless communication applications in 台灣, China, the United States, and internationally. It offers antenna; baluns; couplers; filters; multi-plexers; 電力 dividers; RF front-end modules; and hi..."
2401.TW,半導體業,Sunplus 科技 公司 有限公司 focuses on the 設計 and system integration of audio-visual platform chips primarily in 台灣 and Asia. The company 提供 digital audio-visual and intelligent acoustic chips for multimedia and 車用 applications; IC solutions for multimedia and 車用...
2603.TW,觀光餐旅,"Evergreen Marine Corporation (台灣) Ltd., 及其 子公司, 從事 the 航運 carrier and agency, container terminal operations, and commercial port area ship repair businesses in 台灣, North America, Europe, Asia, and internationally. The company 提供 cargo loading and d..."
2324.TW,電腦及週邊設備業,"Compal 電子s, Inc. 製造 and 銷售 notebook personal 電腦s, monitors, LCD TVs, mobile phones, and other 零組件 and peripherals in 台灣, the United States, China, the United Kingdom, Japan, India, Germany, Netherlands, and internationally. It operates through Information Techno..."
3231.TW,電腦及週邊設備業,"Wistron Corporation, 及其 子公司, 從事 the 設計, manufacture, and sale of information 科技 產品 in the United States, Europe, China, and internationally. The company is involved in research, development, and 測試 of 產品 and semi-furnished 產品, and it..."
1102.TW,水泥工業,"Asia Cement Corporation 從事 the cement business in China and 台灣. It operates through Cement, Electric 電力, Investment, 營造, Transportation, Special Steel, and Leasing segments. The company is involved in the mining, production, transportation, and sale of cement, cement semi-fi..."
3533.TW,電子零組件業,"Lotes Co., Ltd., 及其 子公司, 設計s, 製造, and 銷售 precision 電子 interconnect 零組件 and 硬體 parts in 台灣, China, and internationally. It offers CPU, sim card, SPI, and 車用 sockets; liquid cooling solutions; 記憶體 connectors; slot/edge cards;..."
2385.TW,電子零組件業,"Chicony 電子s Co., Ltd. 從事 the manufacture and sale of 電子 parts and 零組件 in 台灣 and internationally. It produces and 銷售 電腦 peripherals, 從事 overseas mergers, acquisition, and management; import and export of 電力 supplies and related 產品; research..."
1402.TW,紡織纖維,"Far Eastern New Century Corporation 製造 and 銷售 polyester 材料, and semi-finished and finished textiles in 台灣, China, and internationally. It operates through Production, Telecommunication 服務, Property Development, and Investment and Others segments. The company offers cott..."
1536.TW,建材營造,"Hota 工業 Mfg. Co., Ltd. 製造 and 銷售 車用 and motorcycle gears and shafts in 台灣. The company offers rotor, link, and starter shaft; input gear, intermediate gear, output gear, park gear, and spool; differential; gearbox; balance shaft, sprocket oil pump, gear balance shaft..."
2890.TW,貿易百貨,"SinoPac 金融 Holdings 公司 有限公司, through its 子公司, 提供 銀行 服務 worldwide. It operates through 銀行, Securities, and Other Business segments. The company offers corporate 銀行, 零售 銀行, wealth management, 金融 服務, digital 銀行, and other ser..."
6274.TWO,電子零組件業,"台灣 Union 科技 Corporation 製造 and 銷售 copper clad laminates in Asia and internationally. The company offers high frequency, extreme low loss, super low loss, very low loss, low loss, and high thermal reliability laminates, as well as mid and standard loss 材料, non-flow/ mi..."
3711.TW,半導體業,"ASE 科技 Holding Co., Ltd., 及其 子公司, 提供 半導體 manufacturing 服務 in the United States, 台灣, rest of Asia, Europe, and internationally. It operates through 封裝, 測試, and EMS. The company offers 半導體 封裝, interconnect 材料..."
3673.TW,光電業,"TPK Holding Co., Ltd., 及其 子公司, 開發, 製造, and 銷售 touch modules and 顯示器s, and indium tin oxide glass-related 產品 in 台灣, rest of Asia, the United States, Europe, and internationally. The company also offers protective glass covers and full laminatio..."
