日期,動作,部位描述,2344.TW(N/A)多空,3260.TWO(N/A)多空,2344.TW價,3260.TWO價,2344.TW口數,3260.TWO口數,保證金佔用,Z-Score,交易成本,損益,開倉Z
2022-02-08,[網格1] 開倉(做多配對),做空2344.TW(N/A) 7口 / 做多3260.TWO(N/A) 3口,做空,做多,29.18,67.14,7,3,109531.0,-2.38,316.0,0.0,
2022-02-16,[網格1] 結算平倉(做多配對),做空2344.TW(N/A) 7口 / 做多3260.TWO(N/A) 3口,平倉(買回),平倉(賣出),31.01,70.88,7,3,0.0,-1.71,317.0,-3560.0,-2.38
2022-02-17,[網格1] 轉倉開倉(做多配對),做空2344.TW(N/A) 9口 / 做多3260.TWO(N/A) 4口,做空,做多,32.06,71.03,9,4,154628.0,-2.52,413.0,0.0,
2022-02-22,[網格1] 停利平倉(做多配對),停利平倉: 做空2344.TW(N/A) 9口 / 做多3260.TWO(N/A) 4口,平倉(買回),平倉(賣出),31.28,75.0,9,4,157022.0,0.78,413.0,45346.0,-2.52
2022-03-14,[網格1] 開倉(做多配對),做空2344.TW(N/A) 9口 / 做多3260.TWO(N/A) 4口,做空,做多,31.33,69.01,9,4,150663.0,-2.24,412.0,0.0,
2022-03-16,[網格1] 結算平倉(做多配對),做空2344.TW(N/A) 9口 / 做多3260.TWO(N/A) 4口,平倉(買回),平倉(賣出),29.91,65.43,9,4,0.0,-1.6,411.0,-3484.0,-2.24
2022-03-17,[網格1] 轉倉開倉(做多配對),做空2344.TW(N/A) 2口 / 做多3260.TWO(N/A) 1口,做空,做多,31.97,68.47,2,1,35750.0,-2.06,95.0,0.0,
2022-03-24,[網格1] 停利平倉(做多配對),停利平倉: 做空2344.TW(N/A) 2口 / 做多3260.TWO(N/A) 1口,平倉(買回),平倉(賣出),29.5,67.07,2,1,34036.0,0.02,95.0,6998.0,-2.06
2022-04-06,[網格1] 開倉(做空配對),做多2344.TW(N/A) 5口 / 做空3260.TWO(N/A) 2口,做多,做空,26.75,67.77,5,2,72705.0,2.31,221.0,0.0,
2022-04-18,[網格1] 停利平倉(做空配對),停利平倉: 做多2344.TW(N/A) 5口 / 做空3260.TWO(N/A) 2口,平倉(賣出),平倉(買回),24.96,55.86,5,2,63866.0,-0.17,219.0,29533.0,2.31
2022-05-18,[網格1] 開倉(做多配對),做空2344.TW(N/A) 2口 / 做多3260.TWO(N/A) 1口,做空,做多,26.75,56.95,2,1,29822.0,-2.07,94.0,0.0,
2022-05-31,[網格1] 停利平倉(做多配對),停利平倉: 做空2344.TW(N/A) 2口 / 做多3260.TWO(N/A) 1口,平倉(買回),平倉(賣出),26.84,59.05,2,1,30438.0,0.7,95.0,3740.0,-2.07
2022-06-13,[網格1] 開倉(做空配對),做多2344.TW(N/A) 9口 / 做空3260.TWO(N/A) 4口,做多,做空,24.5,55.08,9,4,119038.0,2.67,408.0,0.0,
2022-06-15,[網格1] 結算平倉(做空配對),做多2344.TW(N/A) 9口 / 做空3260.TWO(N/A) 4口,平倉(賣出),平倉(買回),24.6,55.71,9,4,0.0,2.24,408.0,-3738.0,2.67
2022-06-16,[網格1] 轉倉開倉(做空配對),做多2344.TW(N/A) 9口 / 做空3260.TWO(N/A) 4口,做多,做空,24.21,54.23,9,4,117388.0,1.63,407.0,0.0,
2022-06-23,[網格1] 停利平倉(做空配對),停利平倉: 做多2344.TW(N/A) 9口 / 做空3260.TWO(N/A) 4口,平倉(賣出),平倉(買回),21.88,46.68,9,4,103575.0,-0.09,405.0,18025.0,1.63
2022-07-01,[網格1] 開倉(做空配對),做多2344.TW(N/A) 7口 / 做空3260.TWO(N/A) 3口,做多,做空,19.07,44.19,7,3,71838.0,2.4,311.0,0.0,
2022-07-20,[網格1] 結算平倉(做空配對),做多2344.TW(N/A) 7口 / 做空3260.TWO(N/A) 3口,平倉(賣出),平倉(買回),21.16,48.86,7,3,0.0,-0.13,312.0,974.0,2.4
2022-08-10,[網格1] 開倉(做空配對),做多2344.TW(N/A) 5口 / 做空3260.TWO(N/A) 2口,做多,做空,19.74,48.65,5,2,52916.0,2.81,218.0,0.0,
2022-08-17,[網格1] 結算平倉(做空配對),做多2344.TW(N/A) 5口 / 做空3260.TWO(N/A) 2口,平倉(賣出),平倉(買回),21.35,50.44,5,2,0.0,0.43,218.0,8806.0,2.81
2022-09-02,[網格1] 開倉(做空配對),做多2344.TW(N/A) 5口 / 做空3260.TWO(N/A) 2口,做多,做空,20.16,51.2,5,2,54872.0,2.17,218.0,0.0,
2022-09-21,[網格1] 結算平倉(做空配對),做多2344.TW(N/A) 5口 / 做空3260.TWO(N/A) 2口,平倉(賣出),平倉(買回),19.36,50.01,5,2,0.0,0.9,218.0,-3539.0,2.17
2022-09-22,[網格1] 轉倉開倉(做空配對),做多2344.TW(N/A) 5口 / 做空3260.TWO(N/A) 2口,做多,做空,19.17,49.16,5,2,52421.0,0.58,218.0,0.0,
2022-09-26,[網格1] 停利平倉(做空配對),停利平倉: 做多2344.TW(N/A) 5口 / 做空3260.TWO(N/A) 2口,平倉(賣出),平倉(買回),18.17,45.93,5,2,49328.0,-0.1,217.0,2725.0,0.58
2022-09-29,[網格1] 開倉(做多配對),做空2344.TW(N/A) 7口 / 做多3260.TWO(N/A) 3口,做空,做多,18.4,43.8,7,3,70266.0,-2.18,310.0,0.0,
2022-10-07,[網格1] 停利平倉(做多配對),停利平倉: 做空2344.TW(N/A) 7口 / 做多3260.TWO(N/A) 3口,平倉(買回),平倉(賣出),19.21,48.06,7,3,75239.0,0.11,311.0,13888.0,-2.18
2022-11-17,[網格1] 開倉(做空配對),做多2344.TW(N/A) 8口 / 做空3260.TWO(N/A) 3口,做多,做空,20.78,54.78,8,3,89259.0,2.22,343.0,0.0,
2022-12-01,[網格1] 停利平倉(做空配對),停利平倉: 做多2344.TW(N/A) 8口 / 做空3260.TWO(N/A) 3口,平倉(賣出),平倉(買回),20.88,52.74,8,3,87811.0,-0.02,343.0,13427.0,2.22
2022-12-29,[網格1] 開倉(做空配對),做多2344.TW(N/A) 8口 / 做空3260.TWO(N/A) 3口,做多,做空,18.5,48.48,8,3,79230.0,2.07,342.0,0.0,
2023-02-01,[網格1] 停利平倉(做空配對),停利平倉: 做多2344.TW(N/A) 8口 / 做空3260.TWO(N/A) 3口,平倉(賣出),平倉(買回),21.02,55.29,8,3,90186.0,-0.2,343.0,-843.0,2.07
2023-03-03,[網格1] 開倉(做多配對),做空2344.TW(N/A) 5口 / 做多3260.TWO(N/A) 2口,做空,做多,24.35,58.94,5,2,64701.0,-2.77,220.0,0.0,
2023-03-10,[網格1] 停利平倉(做多配對),停利平倉: 做空2344.TW(N/A) 5口 / 做多3260.TWO(N/A) 2口,平倉(買回),平倉(賣出),22.92,59.71,5,2,63189.0,0.24,219.0,17110.0,-2.77
2023-03-22,[網格1] 開倉(做空配對),做多2344.TW(N/A) 8口 / 做空3260.TWO(N/A) 3口,做多,做空,23.3,62.35,8,3,100835.0,2.17,345.0,0.0,
2023-04-17,[網格1] 停利平倉(做空配對),停利平倉: 做多2344.TW(N/A) 8口 / 做空3260.TWO(N/A) 3口,平倉(賣出),平倉(買回),25.25,66.6,8,3,108491.0,-0.35,346.0,5334.0,2.17
2023-06-01,[網格1] 開倉(做空配對),做多2344.TW(N/A) 3口 / 做空3260.TWO(N/A) 1口,做多,做空,25.3,72.81,3,1,40152.0,2.04,126.0,0.0,
2023-06-02,[網格1] 停利平倉(做空配對),停利平倉: 做多2344.TW(N/A) 3口 / 做空3260.TWO(N/A) 1口,平倉(賣出),平倉(買回),27.11,72.81,3,1,41615.0,-0.02,126.0,10717.0,2.04
2023-08-17,[網格1] 開倉(做空配對),做多2344.TW(N/A) 11口 / 做空3260.TWO(N/A) 4口,做多,做空,24.63,67.88,11,4,146479.0,2.27,472.0,0.0,
2023-09-20,[網格1] 結算平倉(做空配對),做多2344.TW(N/A) 11口 / 做空3260.TWO(N/A) 4口,平倉(賣出),平倉(買回),26.13,77.64,11,4,0.0,-0.1,474.0,-45503.0,2.27
2023-09-21,[網格1] 轉倉開倉(做空配對),做多2344.TW(N/A) 3口 / 做空3260.TWO(N/A) 1口,做多,做空,26.13,77.99,3,1,42227.0,-0.09,126.0,0.0,
2023-09-21,[網格1] 停利平倉(做空配對),停利平倉: 做多2344.TW(N/A) 3口 / 做空3260.TWO(N/A) 1口,平倉(賣出),平倉(買回),26.13,77.99,3,1,0.0,-0.09,126.0,-45155.0,-0.09
2023-10-03,[網格1] 開倉(做空配對),做多2344.TW(N/A) 13口 / 做空3260.TWO(N/A) 4口,做多,做空,25.49,82.71,13,4,178809.0,2.54,536.0,0.0,
2023-10-05,[網格1] 停利平倉(做空配對),停利平倉: 做多2344.TW(N/A) 13口 / 做空3260.TWO(N/A) 4口,平倉(賣出),平倉(買回),26.38,81.02,13,4,180097.0,-0.06,537.0,36073.0,2.54
2023-10-16,[網格1] 開倉(做空配對),做多2344.TW(N/A) 10口 / 做空3260.TWO(N/A) 3口,做多,做空,25.91,85.56,10,3,139273.0,2.38,411.0,0.0,
2023-10-18,[網格1] 結算平倉(做空配對),做多2344.TW(N/A) 10口 / 做空3260.TWO(N/A) 3口,平倉(賣出),平倉(買回),25.81,90.37,10,3,0.0,2.64,411.0,-31248.0,2.38
2023-10-19,[網格1] 轉倉開倉(做空配對),做多2344.TW(N/A) 7口 / 做空3260.TWO(N/A) 2口,做多,做空,26.26,92.59,7,2,99637.0,2.32,285.0,0.0,
2023-11-15,[網格1] 結算平倉(做空配對),做多2344.TW(N/A) 7口 / 做空3260.TWO(N/A) 2口,平倉(賣出),平倉(買回),28.45,90.81,7,2,0.0,-2.45,285.0,37477.0,2.32
2023-11-16,[網格1] 轉倉開倉(做空配對),做多2344.TW(N/A) 13口 / 做空3260.TWO(N/A) 4口,做多,做空,27.51,88.86,13,4,192510.0,-1.93,539.0,0.0,
2023-11-16,[網格1] 停利平倉(做空配對),停利平倉: 做多2344.TW(N/A) 13口 / 做空3260.TWO(N/A) 4口,平倉(賣出),平倉(買回),27.51,88.86,13,4,0.0,-1.93,539.0,37224.0,-1.93
2023-11-17,[網格1] 開倉(做多配對),做空2344.TW(N/A) 3口 / 做多3260.TWO(N/A) 1口,做空,做多,27.51,86.99,3,1,45766.0,-2.1,127.0,0.0,
2023-12-06,[網格1] 停利平倉(做多配對),停利平倉: 做空2344.TW(N/A) 3口 / 做多3260.TWO(N/A) 1口,平倉(買回),平倉(賣出),27.06,91.26,3,1,46557.0,0.65,127.0,11106.0,-2.1
2024-02-15,[網格1] 開倉(做空配對),做多2344.TW(N/A) 10口 / 做空3260.TWO(N/A) 3口,做多,做空,26.21,86.72,10,3,141016.0,3.03,411.0,0.0,
2024-02-15,[網格2] 開倉(做空配對),做多2344.TW(N/A) 10口 / 做空3260.TWO(N/A) 3口,做多,做空,26.21,86.72,10,3,141016.0,3.03,411.0,0.0,
2024-02-21,[網格1] 結算平倉(做空配對),做多2344.TW(N/A) 10口 / 做空3260.TWO(N/A) 3口,平倉(賣出),平倉(買回),27.56,89.03,10,3,0.0,1.36,412.0,12558.0,3.03
2024-02-21,[網格2] 結算平倉(做空配對),做多2344.TW(N/A) 10口 / 做空3260.TWO(N/A) 3口,平倉(賣出),平倉(買回),27.56,89.03,10,3,0.0,1.36,412.0,12558.0,3.03
2024-02-22,[網格1] 轉倉開倉(做空配對),做多2344.TW(N/A) 13口 / 做空3260.TWO(N/A) 4口,做多,做空,27.75,89.92,13,4,194537.0,1.38,539.0,0.0,
2024-02-22,[網格2] 轉倉開倉(做空配對),做多2344.TW(N/A) 13口 / 做空3260.TWO(N/A) 4口,做多,做空,27.75,89.92,13,4,194537.0,1.38,539.0,0.0,
2024-03-05,[網格1] 停利平倉(做空配對),停利平倉: 做多2344.TW(N/A) 13口 / 做空3260.TWO(N/A) 4口,平倉(賣出),平倉(買回),27.41,86.72,13,4,379706.0,-0.37,538.0,16051.0,1.38
2024-03-05,[網格2] 停利平倉(做空配對),停利平倉: 做多2344.TW(N/A) 13口 / 做空3260.TWO(N/A) 4口,平倉(賣出),平倉(買回),27.41,86.72,13,4,379706.0,-0.37,538.0,16051.0,1.38
2024-03-08,[網格1] 開倉(做多配對),做空2344.TW(N/A) 3口 / 做多3260.TWO(N/A) 1口,做空,做多,27.46,83.87,3,1,44884.0,-2.47,127.0,0.0,
2024-03-15,[網格1] 停利平倉(做多配對),停利平倉: 做空2344.TW(N/A) 3口 / 做多3260.TWO(N/A) 1口,平倉(買回),平倉(賣出),26.36,85.12,3,1,44334.0,0.21,127.0,8932.0,-2.47
2024-04-09,[網格1] 開倉(做空配對),做多2344.TW(N/A) 7口 / 做空3260.TWO(N/A) 2口,做多,做空,26.86,91.7,7,2,100285.0,2.33,285.0,0.0,
2024-04-10,[網格2] 開倉(做空配對),做多2344.TW(N/A) 11口 / 做空3260.TWO(N/A) 3口,做多,做空,27.41,100.61,11,3,269016.0,3.53,444.0,0.0,
2024-04-17,[網格1] 結算平倉(做空配對),做多2344.TW(N/A) 7口 / 做空3260.TWO(N/A) 2口,平倉(賣出),平倉(買回),25.91,92.15,7,2,0.0,0.61,285.0,-15296.0,2.33
2024-04-17,[網格2] 結算平倉(做空配對),做多2344.TW(N/A) 11口 / 做空3260.TWO(N/A) 3口,平倉(賣出),平倉(買回),25.91,92.15,11,3,0.0,0.61,442.0,17478.0,3.53
2024-04-18,[網格1] 轉倉開倉(做空配對),做多2344.TW(N/A) 7口 / 做空3260.TWO(N/A) 2口,做多,做空,25.77,91.26,7,2,97976.0,0.45,285.0,0.0,
2024-04-19,[網格1] 停利平倉(做空配對),停利平倉: 做多2344.TW(N/A) 7口 / 做空3260.TWO(N/A) 2口,平倉(賣出),平倉(買回),25.27,85.65,7,2,94007.0,-0.4,284.0,15189.0,0.45
2024-05-07,[網格1] 開倉(做空配對),做多2344.TW(N/A) 4口 / 做空3260.TWO(N/A) 1口,做多,做空,25.12,101.94,4,1,54653.0,2.3,158.0,0.0,
2024-05-15,[網格1] 結算平倉(做空配對),做多2344.TW(N/A) 4口 / 做空3260.TWO(N/A) 1口,平倉(賣出),平倉(買回),25.37,96.6,4,1,0.0,0.49,158.0,12516.0,2.3
2024-07-11,[網格1] 開倉(做多配對),做空2344.TW(N/A) 7口 / 做多3260.TWO(N/A) 2口,做空,做多,25.67,92.9,7,2,98674.0,-2.56,285.0,0.0,
2024-07-17,[網格1] 結算平倉(做多配對),做空2344.TW(N/A) 7口 / 做多3260.TWO(N/A) 2口,平倉(買回),平倉(賣出),25.12,91.99,7,2,0.0,-1.37,284.0,3714.0,-2.56
2024-07-18,[網格1] 轉倉開倉(做多配對),做空2344.TW(N/A) 11口 / 做多3260.TWO(N/A) 3口,做空,做多,25.12,91.53,11,3,148740.0,-1.35,442.0,0.0,
2024-08-09,[網格1] 停利平倉(做多配對),停利平倉: 做空2344.TW(N/A) 11口 / 做多3260.TWO(N/A) 3口,平倉(買回),平倉(賣出),22.78,85.21,11,3,136681.0,0.53,440.0,13098.0,-1.35
2024-09-18,[網格1] 開倉(做空配對),做多2344.TW(N/A) 4口 / 做空3260.TWO(N/A) 1口,做多,做空,20.29,81.09,4,1,43813.0,2.19,156.0,0.0,
2024-09-30,[網格1] 停利平倉(做空配對),停利平倉: 做多2344.TW(N/A) 4口 / 做空3260.TWO(N/A) 1口,平倉(賣出),平倉(買回),21.24,81.19,4,1,44858.0,-0.37,157.0,7221.0,2.19
2024-11-06,[網格1] 開倉(做空配對),做多2344.TW(N/A) 13口 / 做空3260.TWO(N/A) 3口,做多,做空,18.8,81.28,13,3,131828.0,3.51,500.0,0.0,
2024-11-06,[網格2] 開倉(做空配對),做多2344.TW(N/A) 13口 / 做空3260.TWO(N/A) 3口,做多,做空,18.8,81.28,13,3,131828.0,3.51,500.0,0.0,
2024-11-20,[網格1] 結算平倉(做空配對),做多2344.TW(N/A) 13口 / 做空3260.TWO(N/A) 3口,平倉(賣出),平倉(買回),17.71,81.64,13,3,0.0,1.35,499.0,-31147.0,3.51
2024-11-20,[網格2] 結算平倉(做空配對),做多2344.TW(N/A) 13口 / 做空3260.TWO(N/A) 3口,平倉(賣出),平倉(買回),17.71,81.64,13,3,0.0,1.35,499.0,-31147.0,3.51
2024-11-21,[網格1] 轉倉開倉(做空配對),做多2344.TW(N/A) 14口 / 做空3260.TWO(N/A) 3口,做多,做空,17.71,82.74,14,3,133954.0,1.52,530.0,0.0,
2024-11-21,[網格2] 轉倉開倉(做空配對),做多2344.TW(N/A) 14口 / 做空3260.TWO(N/A) 3口,做多,做空,17.71,82.74,14,3,133954.0,1.52,530.0,0.0,
2024-12-10,[網格1] 停利平倉(做空配對),停利平倉: 做多2344.TW(N/A) 14口 / 做空3260.TWO(N/A) 3口,平倉(賣出),平倉(買回),15.72,77.8,14,3,244860.0,-0.12,528.0,-26581.0,1.52
2024-12-10,[網格2] 停利平倉(做空配對),停利平倉: 做多2344.TW(N/A) 14口 / 做空3260.TWO(N/A) 3口,平倉(賣出),平倉(買回),15.72,77.8,14,3,244860.0,-0.12,528.0,-26581.0,1.52
2024-12-13,[網格1] 開倉(做多配對),做空2344.TW(N/A) 5口 / 做多3260.TWO(N/A) 1口,做空,做多,14.92,73.31,5,1,39939.0,-2.05,186.0,0.0,
2024-12-18,[網格1] 結算平倉(做多配對),做空2344.TW(N/A) 5口 / 做多3260.TWO(N/A) 1口,平倉(買回),平倉(賣出),15.52,74.32,5,1,0.0,-1.52,186.0,-4141.0,-2.05
2024-12-19,[網格1] 轉倉開倉(做多配對),做空2344.TW(N/A) 14口 / 做多3260.TWO(N/A) 3口,做空,做多,15.62,73.22,14,3,118347.0,-1.91,528.0,0.0,
2025-01-07,[網格1] 停利平倉(做多配對),停利平倉: 做空2344.TW(N/A) 14口 / 做多3260.TWO(N/A) 3口,平倉(買回),平倉(賣出),14.57,72.12,14,3,113509.0,0.33,527.0,22130.0,-1.91
2025-01-13,[網格1] 開倉(做多配對),做空2344.TW(N/A) 5口 / 做多3260.TWO(N/A) 1口,做空,做多,13.28,65.44,5,1,35598.0,-2.71,185.0,0.0,
2025-01-14,[網格1] 停利平倉(做多配對),停利平倉: 做空2344.TW(N/A) 5口 / 做多3260.TWO(N/A) 1口,平倉(買回),平倉(賣出),13.48,69.84,5,1,37053.0,1.21,185.0,6612.0,-2.71
2025-02-03,[網格1] 開倉(做多配對),做空2344.TW(N/A) 5口 / 做多3260.TWO(N/A) 1口,做空,做多,14.23,67.66,5,1,37474.0,-2.53,186.0,0.0,
2025-02-11,[網格1] 停利平倉(做多配對),停利平倉: 做空2344.TW(N/A) 5口 / 做多3260.TWO(N/A) 1口,平倉(買回),平倉(賣出),14.18,71.3,5,1,38388.0,0.59,186.0,7584.0,-2.53
2025-02-14,[網格1] 開倉(做多配對),做空2344.TW(N/A) 13口 / 做多3260.TWO(N/A) 3口,做空,做多,17.06,74.6,13,3,120305.0,-2.14,498.0,0.0,
2025-02-19,[網格1] 結算平倉(做多配對),做空2344.TW(N/A) 13口 / 做多3260.TWO(N/A) 3口,平倉(買回),平倉(賣出),19.1,79.35,13,3,0.0,-1.62,499.0,-24965.0,-2.14
2025-02-20,[網格1] 轉倉開倉(做多配對),做空2344.TW(N/A) 4口 / 做多3260.TWO(N/A) 1口,做空,做多,18.85,78.81,4,1,41637.0,-1.4,156.0,0.0,
2025-03-07,[網格1] 停利平倉(做多配對),停利平倉: 做空2344.TW(N/A) 4口 / 做多3260.TWO(N/A) 1口,平倉(買回),平倉(賣出),18.15,79.72,4,1,41132.0,0.9,156.0,7245.0,-1.4
2025-03-11,[網格1] 開倉(做空配對),做多2344.TW(N/A) 9口 / 做空3260.TWO(N/A) 2口,做多,做空,19.0,85.12,9,2,92137.0,2.54,344.0,0.0,
2025-03-13,[網格1] 停利平倉(做空配對),停利平倉: 做多2344.TW(N/A) 9口 / 做空3260.TWO(N/A) 2口,平倉(賣出),平倉(買回),20.59,82.92,9,2,94818.0,-0.74,344.0,37093.0,2.54
2025-03-17,[網格1] 開倉(做空配對),做多2344.TW(N/A) 9口 / 做空3260.TWO(N/A) 2口,做多,做空,20.34,89.33,9,2,97674.0,2.8,344.0,0.0,
2025-03-19,[網格1] 結算平倉(做空配對),做多2344.TW(N/A) 9口 / 做空3260.TWO(N/A) 2口,平倉(賣出),平倉(買回),20.39,86.49,9,2,0.0,0.97,344.0,11901.0,2.8
2025-04-08,[網格1] 開倉(做多配對),做空2344.TW(N/A) 9口 / 做多3260.TWO(N/A) 2口,做空,做多,15.12,67.91,9,2,73417.0,-2.01,341.0,0.0,
2025-04-16,[網格1] 結算平倉(做多配對),做空2344.TW(N/A) 9口 / 做多3260.TWO(N/A) 2口,平倉(買回),平倉(賣出),15.47,71.67,9,2,0.0,-0.22,341.0,8402.0,-2.01
2025-06-06,[網格1] 開倉(做空配對),做多2344.TW(N/A) 5口 / 做空3260.TWO(N/A) 1口,做多,做空,18.25,90.61,5,1,49109.0,2.64,187.0,0.0,
2025-06-17,[網格1] 停利平倉(做空配對),停利平倉: 做多2344.TW(N/A) 5口 / 做空3260.TWO(N/A) 1口,平倉(賣出),平倉(買回),18.65,86.68,5,1,48583.0,-0.89,187.0,11663.0,2.64
2025-06-24,[網格1] 開倉(做多配對),做空2344.TW(N/A) 9口 / 做多3260.TWO(N/A) 2口,做空,做多,19.95,87.59,9,2,95768.0,-2.19,344.0,0.0,
2025-07-09,[網格1] 停利平倉(做多配對),停利平倉: 做空2344.TW(N/A) 9口 / 做多3260.TWO(N/A) 2口,平倉(買回),平倉(賣出),18.85,88.97,9,2,93850.0,1.19,344.0,24845.0,-2.19
2025-07-16,[網格1] 開倉(做空配對),做多2344.TW(N/A) 5口 / 做空3260.TWO(N/A) 1口,做多,做空,17.56,88.73,5,1,47661.0,2.01,187.0,0.0,
2025-08-14,[網格2] 開倉(做空配對),做多2344.TW(N/A) 11口 / 做空3260.TWO(N/A) 2口,做多,做空,17.91,96.67,11,2,155654.0,3.42,406.0,0.0,
2025-08-20,[網格1] 結算平倉(做空配對),做多2344.TW(N/A) 5口 / 做空3260.TWO(N/A) 1口,平倉(賣出),平倉(買回),17.91,91.25,5,1,0.0,-0.07,187.0,-1737.0,2.01
2025-08-20,[網格2] 結算平倉(做空配對),做多2344.TW(N/A) 11口 / 做空3260.TWO(N/A) 2口,平倉(賣出),平倉(買回),17.91,91.25,11,2,0.0,-0.07,405.0,21269.0,3.42
2025-08-21,[網格1] 轉倉開倉(做空配對),做多2344.TW(N/A) 5口 / 做空3260.TWO(N/A) 1口,做多,做空,18.3,92.41,5,1,49661.0,-0.01,187.0,0.0,
2025-08-21,[網格1] 停利平倉(做空配對),停利平倉: 做多2344.TW(N/A) 5口 / 做空3260.TWO(N/A) 1口,平倉(賣出),平倉(買回),18.3,92.41,5,1,0.0,-0.01,187.0,-1737.0,-0.01
2025-09-12,[網格1] 開倉(做空配對),做多2344.TW(N/A) 9口 / 做空3260.TWO(N/A) 2口,做多,做空,25.32,116.6,9,2,124484.0,2.24,348.0,0.0,
2025-09-15,[網格2] 開倉(做空配對),做多2344.TW(N/A) 14口 / 做空3260.TWO(N/A) 3口,做多,做空,26.66,124.34,14,3,333419.0,3.04,540.0,0.0,
2025-09-17,[網格1] 結算平倉(做空配對),做多2344.TW(N/A) 9口 / 做空3260.TWO(N/A) 2口,平倉(賣出),平倉(買回),29.25,129.66,9,2,0.0,1.71,351.0,18127.0,2.24
2025-09-17,[網格2] 結算平倉(做空配對),做多2344.TW(N/A) 14口 / 做空3260.TWO(N/A) 3口,平倉(賣出),平倉(買回),29.25,129.66,14,3,0.0,1.71,542.0,39948.0,3.04
2025-09-18,[網格1] 轉倉開倉(做空配對),做多2344.TW(N/A) 4口 / 做空3260.TWO(N/A) 1口,做多,做空,32.13,132.56,4,1,70495.0,0.33,160.0,0.0,
2025-09-18,[網格2] 轉倉開倉(做空配對),做多2344.TW(N/A) 4口 / 做空3260.TWO(N/A) 1口,做多,做空,32.13,132.56,4,1,70495.0,0.33,160.0,0.0,
2025-09-19,[網格1] 停利平倉(做空配對),停利平倉: 做多2344.TW(N/A) 4口 / 做空3260.TWO(N/A) 1口,平倉(賣出),平倉(買回),33.33,134.5,4,1,144613.0,-0.04,161.0,5519.0,0.33
2025-09-19,[網格2] 停利平倉(做空配對),停利平倉: 做多2344.TW(N/A) 4口 / 做空3260.TWO(N/A) 1口,平倉(賣出),平倉(買回),33.33,134.5,4,1,144613.0,-0.04,161.0,5519.0,0.33
2025-09-22,[網格1] 開倉(做空配對),做多2344.TW(N/A) 13口 / 做空3260.TWO(N/A) 3口,做多,做空,34.07,147.56,13,3,239117.0,2.59,515.0,0.0,
2025-10-15,[網格1] 結算平倉(做空配對),做多2344.TW(N/A) 13口 / 做空3260.TWO(N/A) 3口,平倉(賣出),平倉(買回),39.79,176.59,13,3,0.0,1.99,522.0,-25972.0,2.59
2025-10-17,[網格1] 轉倉開倉(做空配對),做多2344.TW(N/A) 4口 / 做空3260.TWO(N/A) 1口,做多,做空,43.72,181.91,4,1,96335.0,1.08,164.0,0.0,
2025-10-21,[網格1] 停利平倉(做空配對),停利平倉: 做多2344.TW(N/A) 4口 / 做空3260.TWO(N/A) 1口,平倉(賣出),平倉(買回),44.37,174.66,4,1,95074.0,-0.28,164.0,19523.0,1.08
2025-10-28,[網格1] 開倉(做多配對),做空2344.TW(N/A) 7口 / 做多3260.TWO(N/A) 2口,做空,做多,53.72,185.3,7,2,201590.0,-2.67,300.0,0.0,
2025-11-14,[網格1] 停利平倉(做多配對),停利平倉: 做空2344.TW(N/A) 7口 / 做多3260.TWO(N/A) 2口,平倉(買回),平倉(賣出),59.99,206.59,7,2,224930.0,0.26,303.0,-2894.0,-2.67
2025-12-08,[網格1] 開倉(做多配對),做空2344.TW(N/A) 5口 / 做多3260.TWO(N/A) 2口,做空,做多,67.55,175.14,5,2,185763.0,-2.38,238.0,0.0,
2025-12-17,[網格1] 結算平倉(做多配對),做空2344.TW(N/A) 5口 / 做多3260.TWO(N/A) 2口,平倉(買回),平倉(賣出),73.52,190.14,5,2,0.0,-0.89,240.0,65.0,-2.38
2025-12-29,[網格1] 開倉(做空配對),做多2344.TW(N/A) 3口 / 做空3260.TWO(N/A) 1口,做多,做空,76.5,233.2,3,1,124928.0,2.12,139.0,0.0,
2026-01-07,[網格1] 停利平倉(做空配對),停利平倉: 做多2344.TW(N/A) 3口 / 做空3260.TWO(N/A) 1口,平倉(賣出),平倉(買回),105.95,280.61,3,1,161580.0,-0.2,144.0,81704.0,2.12
2026-02-05,[網格1] 開倉(做空配對),做多2344.TW(N/A) 3口 / 做空3260.TWO(N/A) 1口,做多,做空,101.97,322.7,3,1,169722.0,2.02,145.0,0.0,
2026-02-10,[網格1] 停利平倉(做空配對),停利平倉: 做多2344.TW(N/A) 3口 / 做空3260.TWO(N/A) 1口,平倉(賣出),平倉(買回),102.96,287.38,3,1,160992.0,-0.22,144.0,76461.0,2.02
2026-02-26,[網格1] 開倉(做多配對),做空2344.TW(N/A) 9口 / 做多3260.TWO(N/A) 4口,做空,做多,121.86,276.26,9,4,594480.0,-2.35,478.0,0.0,
2026-03-09,[網格1] 停利平倉(做多配對),停利平倉: 做空2344.TW(N/A) 9口 / 做多3260.TWO(N/A) 4口,平倉(買回),平倉(賣出),100.47,294.16,9,4,561840.0,0.91,473.0,527719.0,-2.35
2026-03-18,[網格1] 開倉(做空配對),做多2344.TW(N/A) 11口 / 做空3260.TWO(N/A) 3口,做多,做空,127.33,462.04,11,3,752431.0,2.34,531.0,0.0,
2026-04-13,[網格1] 停利平倉(做空配對),停利平倉: 做多2344.TW(N/A) 11口 / 做空3260.TWO(N/A) 3口,平倉(賣出),平倉(買回),94.4,365.5,11,3,576423.0,-0.29,505.0,-145810.0,2.34
2026-04-22,[網格1] 開倉(做空配對),做多2344.TW(N/A) 14口 / 做空3260.TWO(N/A) 3口,做多,做空,90.6,421.5,14,3,683883.0,2.98,611.0,0.0,
2026-05-11,[網格1] 停利平倉(做空配對),停利平倉: 做多2344.TW(N/A) 14口 / 做空3260.TWO(N/A) 3口,平倉(賣出),平倉(買回),117.5,457.0,14,3,814320.0,-0.5,631.0,539569.0,2.98
2026-06-16,[網格1] 開倉(做多配對),做空2344.TW(N/A) 2口 / 做多3260.TWO(N/A) 1口,做空,做多,197.0,417.0,2,1,218970.0,-2.01,122.0,0.0,
2026-06-17,[網格1] 結算平倉(做多配對),做空2344.TW(N/A) 2口 / 做多3260.TWO(N/A) 1口,平倉(買回),平倉(賣出),199.0,416.0,2,1,0.0,-1.9,123.0,-10123.0,-2.01
2026-06-18,[網格1] 轉倉開倉(做多配對),做空2344.TW(N/A) 2口 / 做多3260.TWO(N/A) 1口,做空,做多,218.5,423.0,2,1,232200.0,-2.35,124.0,0.0,
2026-07-02,[網格1] 停利平倉(做多配對),停利平倉: 做空2344.TW(N/A) 2口 / 做多3260.TWO(N/A) 1口,平倉(買回),平倉(賣出),183.5,408.0,2,1,209250.0,0.16,121.0,109879.0,-2.35
2026-07-29,[網格1] 開倉(做空配對),做多2344.TW(N/A) 3口 / 做空3260.TWO(N/A) 1口,做多,做空,130.0,394.0,3,1,211680.0,3.29,151.0,0.0,
2026-07-29,[網格2] 開倉(做空配對),做多2344.TW(N/A) 3口 / 做空3260.TWO(N/A) 1口,做多,做空,130.0,394.0,3,1,211680.0,3.29,151.0,0.0,
2026-08-05,[網格1] 停利平倉(做空配對),停利平倉: 做多2344.TW(N/A) 3口 / 做空3260.TWO(N/A) 1口,平倉(賣出),平倉(買回),169.0,396.0,3,1,487620.0,-0.62,156.0,229844.0,3.29
2026-08-05,[網格2] 停利平倉(做空配對),停利平倉: 做多2344.TW(N/A) 3口 / 做空3260.TWO(N/A) 1口,平倉(賣出),平倉(買回),169.0,396.0,3,1,487620.0,-0.62,156.0,229844.0,3.29
