Ticker,Name
00400A.TW,主動國泰動能高息
00401A.TW,主動摩根台灣鑫收
00402A.TW,主動安聯美國科技
00403A.TW,主動統一升級50
00404A.TW,主動聯博動能50
00405A.TW,主動富邦台灣龍耀
00406A.TW,主動中信台灣收益
00407A.TW,主動凱基台灣
00408A.TW,主動第一金優股息
00409A.TW,主動復華全球50
00410A.TW,主動永豐科技趨勢
0050.TW,元大台灣50
0051.TW,元大中型100
0052.TW,富邦科技
0053.TW,元大電子
0055.TW,元大MSCI金融
0056.TW,元大高股息
0057.TW,富邦摩台
0061.TW,元大寶滬深
006203.TW,元大MSCI台灣
006204.TW,永豐臺灣加權
006205.TW,富邦上証
006206.TW,元大上證50
006207.TW,復華滬深
006208.TW,富邦台50
00625K.TW,富邦上証+R
00631L.TW,元大台灣50正2
00632R.TW,元大台灣50反1
00633L.TW,富邦上証正2
00634R.TW,富邦上証反1
00635U.TW,期元大S&P黃金
00636.TW,國泰中國A50
00636K.TW,國泰中國A50+U
00637L.TW,元大滬深300正2
00638R.TW,元大滬深300反1
00639.TW,富邦深100
00640L.TW,富邦日本正2
00641R.TW,富邦日本反1
00642U.TW,期元大S&P石油
00643.TW,群益深証中小
00643K.TW,群益深証中小+R
00645.TW,富邦日本
00646.TW,元大S&P500
00647L.TW,元大S&P500正2
00648R.TW,元大S&P500反1
00650L.TW,復華香港正2
00651R.TW,復華香港反1
00652.TW,富邦印度
00653L.TW,富邦印度正2
00654R.TW,富邦印度反1
00655L.TW,國泰中國A50正2
00656R.TW,國泰中國A50反1
00657.TW,國泰日經225
00657K.TW,國泰日經225+U
00660.TW,元大歐洲50
00661.TW,元大日經225
00662.TW,富邦NASDAQ
00663L.TW,國泰臺灣加權正2
00664R.TW,國泰臺灣加權反1
00665L.TW,富邦恒生國企正2
00666R.TW,富邦恒生國企反1
00668.TW,國泰美國道瓊
00668K.TW,國泰美國道瓊+U
00669R.TW,國泰美國道瓊反1
00670L.TW,富邦NASDAQ正2
00671R.TW,富邦NASDAQ反1
00673R.TW,期元大S&P原油反1
00674R.TW,期元大S&P黃金反1
00675L.TW,富邦臺灣加權正2
00676R.TW,富邦臺灣加權反1
00678.TW,群益那斯達克生技
00680L.TW,元大美債20正2
00681R.TW,元大美債20反1
00682U.TW,期元大美元指數
00683L.TW,期元大美元指正2
00684R.TW,期元大美元指反1
00685L.TW,群益臺灣加權正2
00686R.TW,群益臺灣加權反1
00688L.TW,國泰20年美債正2
00689R.TW,國泰20年美債反1
00690.TW,兆豐藍籌30
00692.TW,富邦公司治理
00693U.TW,期街口S&P黃豆
00700.TW,富邦恒生國企
00701.TW,國泰股利精選30
00702.TW,國泰標普低波高息
00703.TW,台新MSCI中國
00706L.TW,期元大S&P日圓正2
00707R.TW,期元大S&P日圓反1
00708L.TW,期元大S&P黃金正2
00709.TW,富邦歐洲
00710B.TW,復華彭博非投等債
00711B.TW,復華彭博新興債
00712.TW,復華富時不動產
00713.TW,元大台灣高息低波
00714.TW,群益道瓊美國地產
00715L.TW,期街口布蘭特正2
00717.TW,富邦美國特別股
00728.TW,第一金工業30
00730.TW,富邦臺灣優質高息
00731.TW,復華富時高息低波
00733.TW,富邦臺灣中小
00735.TW,國泰臺韓科技
00736.TW,國泰新興市場
00737.TW,國泰AI機器人
00738U.TW,期元大道瓊白銀
00739.TW,元大MSCI A股
00752.TW,中信中國50
00753L.TW,中信中國50正2
00757.TW,統一FANG+
00762.TW,元大全球AI
00763U.TW,期街口道瓊銅
00770.TW,國泰北美科技
00771.TW,元大US高息特別股
00775B.TW,台新投等債15+
00783.TW,富邦中証500
00830.TW,國泰費城半導體
00850.TW,元大臺灣ESG永續
00851.TW,台新全球AI
00852L.TW,國泰美國道瓊正2
00861.TW,元大全球未來通訊
00865B.TW,國泰US短期公債
00875.TW,國泰網路資安
00876.TW,元大全球5G
00878.TW,國泰永續高股息
00881.TW,國泰台灣科技龍頭
00882.TW,中信中國高股息
00885.TW,富邦越南
00891.TW,中信關鍵半導體
00892.TW,富邦台灣半導體
00893.TW,國泰智能電動車
00894.TW,中信小資高價30
00895.TW,富邦未來車
00896.TW,中信綠能及電動車
00897.TW,富邦基因免疫生技
00898.TW,國泰基因免疫革命
00899.TW,FT潔淨能源
00900.TW,富邦特選高股息30
00901.TW,永豐智能車供應鏈
00902.TW,中信電池及儲能
00903.TW,富邦元宇宙
00904.TW,台新臺灣半導體30
00905.TW,FT臺灣Smart
00907.TW,永豐優息存股
00908.TW,富邦入息REITs+
00909.TW,國泰數位支付服務
00910.TW,第一金太空衛星
00911.TW,兆豐洲際半導體
00912.TW,中信臺灣智慧50
00913.TW,兆豐台灣晶圓製造
00915.TW,凱基優選高股息30
00916.TW,國泰全球品牌50
00917.TW,中信特選金融
00918.TW,大華優利高填息30
00919.TW,群益台灣精選高息
00920.TW,富邦ESG綠色電力
00921.TW,兆豐龍頭等權重
00922.TW,國泰台灣領袖50
00923.TW,群益台ESG低碳50
00924.TW,復華S&P500成長
00926.TW,凱基全球菁英55
00927.TW,群益半導體收益
00929.TW,復華台灣科技優息
00930.TW,永豐ESG低碳高息
00932.TW,兆豐永續高息等權
00934.TW,中信成長高股息
00935.TW,野村臺灣新科技50
00936.TW,台新永續高息中小
00938.TW,凱基優選30
00939.TW,統一台灣高息動能
00940.TW,元大台灣價值高息
00941.TW,中信上游半導體
00943.TW,兆豐電子高息等權
00944.TW,野村趨勢動能高息
00945B.TW,凱基美國非投等債
00946.TW,群益科技高息成長
00947.TW,台新臺灣IC設計
00949.TW,復華日本龍頭
00951.TW,台新日本半導體
00952.TW,凱基台灣AI50
00953B.TW,群益優選非投等債
00954.TW,中信日本半導體
00956.TW,中信日經高股息
00960.TW,野村全球航運龍頭
00961.TW,FT臺灣永續高息
00962.TW,台新AI優息動能
00963.TW,中信全球高股息
00964.TW,中信亞太高股息
00965.TW,元大航太防衛科技
00971.TW,野村美國研發龍頭
00972.TW,野村日本動能高息
009800.TW,中信NASDAQ
009801.TW,中信美國創新科技
009802.TW,富邦旗艦50
009803.TW,玉山市值動能50
009804.TW,聯邦台精彩50
009805.TW,台新美國電力基建
009808.TW,華南永昌優選50
009809.TW,富邦淨零ESG50
00980A.TW,主動野村臺灣優選
009810.TW,玉山全球藍籌100
009811.TW,統一美國50
009812.TW,野村日本東證
009813.TW,貝萊德標普卓越50
009816.TW,凱基台灣TOP50
009817.TW,國泰日本不動產
009818.TW,華南永昌NASDAQxT
009819.TW,中信數據及電力
00981A.TW,主動統一台股增長
00981T.TW,平衡凱基雙核收息
009820.TW,元大納斯達克精選
009821.TW,野村稀土關鍵資源
009824.TW,群益美國科技巨頭
009826.TW,貝萊德世界股票
009827.TW,玉山未來全球算力
009828.TW,中信台日韓PCB
009829.TW,大華韓國KOSPI50
00982A.TW,主動群益台灣強棒
00982D.TW,主動富邦動態入息
00982T.TW,平衡兆豐台美動能
00983A.TW,主動中信ARK創新
00983D.TW,主動富邦複合收益
00984A.TW,主動安聯台灣高息
00984D.TW,主動聯博全球非投
00985A.TW,主動野村台灣50
00985B.TW,群益ESG投等債0-5
00986A.TW,主動台新龍頭成長
00987A.TW,主動台新優勢成長
00988A.TW,主動統一全球創新
00989A.TW,主動摩根美國科技
00990A.TW,主動元大AI新經濟
00991A.TW,主動復華未來50
00991B.TW,貝萊德A級公司債
00992A.TW,主動群益科技創新
00993A.TW,主動安聯台灣
00994A.TW,主動第一金台股優
00995A.TW,主動中信台灣卓越
00996A.TW,主動兆豐台灣豐收
00997A.TW,主動群益美國增長
00999A.TW,主動野村臺灣高息
00411A.TWO,主動統一前沿科技
006201.TWO,元大富櫃50
00679B.TWO,元大美債20年
00687B.TWO,國泰20年美債
00687C.TWO,國泰20年美債+櫃U
00694B.TWO,富邦美債1-3
00695B.TWO,富邦美債7-10
00696B.TWO,富邦美債20年
00697B.TWO,元大美債7-10
00719B.TWO,元大美債1-3
00720B.TWO,元大投資級公司債
00722B.TWO,群益投資級電信債
00723B.TWO,群益投資級科技債
00724B.TWO,群益投資級金融債
00725B.TWO,國泰投資級公司債
00726B.TWO,國泰新興投等債
00727B.TWO,國泰優選非投等債
00734B.TWO,台新JPM新興債
00740B.TWO,富邦全球投等債
00741B.TWO,富邦全球非投等債
00746B.TWO,富邦A級公司債
00749B.TWO,凱基新興債10+
00750B.TWO,凱基科技債10+
00751B.TWO,元大AAA至A公司債
00754B.TWO,群益AAA-AA公司債
00755B.TWO,群益投資級公用債
00756B.TWO,群益投等新興公債
00758B.TWO,復華能源債
00759B.TWO,復華製藥債
00760B.TWO,復華新興企業債
00761B.TWO,國泰A級公司債
00764B.TWO,群益25年美債
00768B.TWO,復華20年美債
00772B.TWO,中信高評級公司債
00773B.TWO,中信優先金融債
00777B.TWO,凱基AAA至A公司債
00778B.TWO,凱基金融債20+
00779B.TWO,凱基美債25+
00780B.TWO,國泰A級金融債
00781B.TWO,國泰A級科技債
00782B.TWO,國泰A級公用債
00785B.TWO,富邦金融投等債
00786B.TWO,元大10年IG銀行債
00787B.TWO,元大10年IG醫療債
00788B.TWO,元大10年IG電能債
00789B.TWO,復華公司債A3
00791B.TWO,復華信用債1-5
00792B.TWO,群益A級公司債
00793B.TWO,群益AAA-A醫療債
00795B.TWO,中信美國公債20年
00799B.TWO,國泰A級醫療債
00834B.TWO,第一金金融債10+
00836B.TWO,永豐10年A公司債
00840B.TWO,凱基IG精選15+
00841B.TWO,凱基AAA-AA公司債
00842B.TWO,台新美元銀行債
00844B.TWO,台新15年IG金融債
00845B.TWO,富邦新興投等債
00846B.TWO,富邦歐洲銀行債
00847B.TWO,中信美國市政債
00848B.TWO,中信新興亞洲債
00849B.TWO,中信EM主權債0-5
00853B.TWO,統一美債10年Aa-A
00856B.TWO,永豐1-3年美公債
00857B.TWO,永豐20年美公債
00858.TWO,永豐美國500大
00859B.TWO,群益0-1年美債
00860B.TWO,群益1-5Y投資級債
00862B.TWO,中信投資級公司債
00863B.TWO,中信全球電信債
00864B.TWO,中信美國公債0-1
00867B.TWO,台新A-BBB電信債
00870B.TWO,元大15年EM主權債
00877.TWO,復華中國5G
00884B.TWO,中信低碳新興債
00886.TWO,永豐美國科技
00887.TWO,永豐中國科技50大
00888.TWO,永豐台灣ESG
00890B.TWO,凱基ESG BBB債15+
00928.TWO,中信上櫃ESG 30
00931B.TWO,統一美債20年
00933B.TWO,國泰10Y+金融債
00937B.TWO,群益ESG投等債20+
00942B.TWO,台新美A公司債20+
00948B.TWO,中信優息投資級債
00950B.TWO,凱基A級公司債
00955.TWO,中信日本商社
00957B.TWO,兆豐US優選投等債
00958B.TWO,永豐ESG銀行債15+
00959B.TWO,大華投等美債15Y+
00966B.TWO,統一ESG投等債15+
00967B.TWO,元大優息美債
00968B.TWO,元大優息投等債
00969B.TWO,元大零息超長美債
00970B.TWO,台新BBB投等債20+
009806.TWO,台新標普500
009807.TWO,台新標普科技精選
00980B.TWO,台新特選IG債10+
00980D.TWO,主動聯博投等入息
00980T.TWO,平衡凱基美國TOP
009814.TWO,富邦標普500
009815.TWO,大華美國MAG7+
00981B.TWO,第一金優選非投債
00981D.TWO,主動中信非投等債
009822.TWO,華南永昌未來金融
009823.TWO,群益S&P500
009825.TWO,聯邦美國金融創新
00982B.TWO,FT投資級債20+
00983B.TWO,大華優利美公債20
00984B.TWO,大華優利美A債15
00985D.TWO,主動貝萊德優投等
00986B.TWO,FT金融債10+
00986D.TWO,主動復華金融債息
00987B.TWO,野村10+澳洲公債
00987D.TWO,主動統一美債量化
00988B.TWO,玉山嚴選非投債
00989B.TWO,台新美國非投等債
00990B.TWO,國泰收益非投等債
00998A.TWO,主動復華金融股息
