Pair,Stock1,Stock2,Price_Corr,Coint_pvalue,Coint_score
1513.TW-6414.TW,1513.TW,6414.TW,0.9618420946611901,1.1472475541320312e-06,-6.069591848721826
8039.TW-2327.TW,8039.TW,2327.TW,0.9285235212304553,2.5547087253629533e-06,-5.908206237674018
2515.TW-6239.TW,2515.TW,6239.TW,0.8912959916068544,5.49290036634386e-06,-5.750628826196207
3260.TWO-8299.TWO,3260.TWO,8299.TWO,0.9631072560601976,6.638429949412671e-06,-5.7111009792915866
2515.TW-8112.TW,2515.TW,8112.TW,0.9355825260287378,7.119255745792107e-06,-5.696451749567463
2059.TW-2404.TW,2059.TW,2404.TW,0.9627536509430369,7.143185240712987e-06,-5.695748001186309
3552.TWO-2002.TW,3552.TWO,2002.TW,0.8514943290092488,8.285707300081349e-06,-5.664558346573094
00679B.TWO-00687B.TWO,00679B.TWO,00687B.TWO,0.9988248161115099,2.7509629563502466e-05,-5.40670766110382
6116.TW-2014.TW,6116.TW,2014.TW,0.8876474578082372,4.275565823074157e-05,-5.309188238958726
3264.TWO-2368.TW,3264.TWO,2368.TW,0.9425701286711895,7.200677738395331e-05,-5.19173942025721
1718.TW-1909.TW,1718.TW,1909.TW,0.9318577428214663,8.235258614583387e-05,-5.161083266216551
6153.TW-6505.TW,6153.TW,6505.TW,0.8679018986106187,8.524939000263943e-05,-5.1531606984253955
2454.TW-6005.TW,2454.TW,6005.TW,0.9650743230577388,9.105724545373765e-05,-5.138024403052575
6153.TW-1326.TW,6153.TW,1326.TW,0.8888866665550592,0.00012872288230595226,-5.05780242637341
3017.TW-6257.TW,3017.TW,6257.TW,0.9685129047791574,0.0001365603257729171,-5.04398096483268
2449.TW-3653.TW,2449.TW,3653.TW,0.969171648654443,0.00020294100293483333,-4.9503530844853465
2376.TW-2356.TW,2376.TW,2356.TW,0.9692177011251693,0.0002031944906452399,-4.950055250117757
5534.TW-4938.TW,5534.TW,4938.TW,0.8863125246534349,0.00021203370950751706,-4.9398846567448516
1440.TW-2014.TW,1440.TW,2014.TW,0.905413520216999,0.00022055969954111587,-4.9304495203730365
2392.TW-6176.TW,2392.TW,6176.TW,0.9156833880585467,0.00024144621644054957,-4.908725600338898
5534.TW-1503.TW,5534.TW,1503.TW,0.8820030744511405,0.00025657985182017543,-4.894073802944699
3017.TW-3653.TW,3017.TW,3653.TW,0.9781333908606717,0.00027255757110992675,-4.879469679929008
2439.TW-1609.TW,2439.TW,1609.TW,0.8617785148827921,0.0002848108434203535,-4.868810262706341
3714.TW-2014.TW,3714.TW,2014.TW,0.8690645084874815,0.0003183737073513408,-4.841698738542684
00687B.TWO-3714.TW,00687B.TWO,3714.TW,0.8933659328946355,0.00033890016234963064,-4.826423864458157
6414.TW-6188.TWO,6414.TW,6188.TWO,0.9500584889116619,0.00034044154675754145,-4.825312491246736
5009.TWO-6245.TWO,5009.TWO,6245.TWO,0.9258714650329464,0.0003594999276274329,-4.811951183831217
00679B.TWO-3714.TW,00679B.TWO,3714.TW,0.8963530746795264,0.00036464270144743663,-4.8084606392716625
6547.TWO-2014.TW,6547.TWO,2014.TW,0.8749584624180773,0.00037399996541353814,-4.802227444497804
6239.TW-3036.TW,6239.TW,3036.TW,0.8674629497831672,0.00038544040381208476,-4.794804039513616
2474.TW-2542.TW,2474.TW,2542.TW,0.8689244546594125,0.0004181551674434574,-4.774672250604488
6257.TW-3653.TW,6257.TW,3653.TW,0.9577342173254969,0.0004310820793198785,-4.767125435906083
3552.TWO-6116.TW,3552.TWO,6116.TW,0.8675702386960804,0.0004536311018799545,-4.754458852199943
3711.TW-6257.TW,3711.TW,6257.TW,0.9756812309083498,0.00046443054392826923,-4.7486016830572195
6488.TWO-3152.TWO,6488.TWO,3152.TWO,0.8985554380466342,0.0004925941427516354,-4.73391141678082
3680.TWO-4938.TW,3680.TWO,4938.TW,0.9026577629964,0.0005784342270463722,-4.693577918191187
6414.TW-6121.TWO,6414.TW,6121.TWO,0.9226110264282056,0.0005927400782844811,-4.6874109985106625
2421.TW-3231.TW,2421.TW,3231.TW,0.9675988033003283,0.000597131132535186,-4.685546220474049
2439.TW-2520.TW,2439.TW,2520.TW,0.866298841946097,0.0006449647051663303,-4.666028787934928
1802.TW-1717.TW,1802.TW,1717.TW,0.8974981718160413,0.000674976338736971,-4.654467408944975
2330.TW-3653.TW,2330.TW,3653.TW,0.9673596898994319,0.0007210819778855253,-4.637615333771481
2515.TW-1503.TW,2515.TW,1503.TW,0.8786150002307597,0.0008150518863185645,-4.606193960282051
6153.TW-1314.TW,6153.TW,1314.TW,0.8674496020996889,0.0010070566154430358,-4.551369612432932
1312.TW-2014.TW,1312.TW,2014.TW,0.9043645398718513,0.0010404066181856457,-4.542860282518261
1314.TW-2014.TW,1314.TW,2014.TW,0.8789003278778873,0.0010571298012208115,-4.53868895379432
2474.TW-1513.TW,2474.TW,1513.TW,0.9313662490604856,0.001088011954168842,-4.531145571046001
6153.TW-1904.TW,6153.TW,1904.TW,0.8790387780162278,0.0010901297693549532,-4.530635630193594
1609.TW-4938.TW,1609.TW,4938.TW,0.9232012593774874,0.001110182695026533,-4.525852542256241
6153.TW-6116.TW,6153.TW,6116.TW,0.8606964204322227,0.001151054542634499,-4.516348682538058
1504.TW-2404.TW,1504.TW,2404.TW,0.854771262881219,0.0011740507346467215,-4.511139143891817
6669.TW-3044.TW,6669.TW,3044.TW,0.955467377139187,0.001340225226388359,-4.476100032818661
2338.TW-5871.TW,2338.TW,5871.TW,0.8794575267601288,0.0013505828850770992,-4.474052697362533
2360.TW-8039.TW,2360.TW,8039.TW,0.949578278778275,0.0013511798471403523,-4.4739351461203265
2006.TW-0056.TW,2006.TW,0056.TW,0.8835696504350005,0.0013810445813115927,-4.468115240988667
4958.TW-6223.TWO,4958.TW,6223.TWO,0.9062282606852149,0.0014288887569684028,-4.459031635777733
2338.TW-4743.TWO,2338.TW,4743.TWO,0.8764612861579382,0.0014509676860154246,-4.454934951567673
8039.TW-3260.TWO,8039.TW,3260.TWO,0.92684062073705,0.0014551248656368876,-4.454170099175786
2515.TW-2329.TW,2515.TW,2329.TW,0.8579460302729823,0.001465833899602998,-4.452209147051891
2006.TW-00878.TW,2006.TW,00878.TW,0.8625349235748528,0.001542866334372263,-4.43848429533825
2449.TW-3017.TW,2449.TW,3017.TW,0.9699074746263089,0.001579261591424316,-4.432220251102685
6669.TW-6139.TW,6669.TW,6139.TW,0.9561379037135812,0.0016055733317702936,-4.427774782991949
3264.TWO-2360.TW,3264.TWO,2360.TW,0.9126224884351145,0.001645989979696309,-4.421076469051911
0050.TW-2330.TW,0050.TW,2330.TW,0.9990754878535977,0.0017125229014272032,-4.410375858341912
6669.TW-1504.TW,6669.TW,1504.TW,0.9238572244557836,0.001810619404548496,-4.395283099176389
3044.TW-6139.TW,3044.TW,6139.TW,0.9597676026390101,0.0018202987410788983,-4.393835291556397
6290.TWO-3653.TW,6290.TWO,3653.TW,0.9471404606548363,0.0019704014628670525,-4.372252707570445
1513.TW-6188.TWO,1513.TW,6188.TWO,0.9341527733167133,0.001984720829185581,-4.3702742052478865
3702.TW-2355.TW,3702.TW,2355.TW,0.8717926290972894,0.001996306337085399,-4.368683098655704
3211.TWO-2404.TW,3211.TWO,2404.TW,0.9673241673748768,0.0020466784956224057,-4.361863193993222
6547.TWO-8044.TWO,6547.TWO,8044.TWO,0.8760727340054225,0.00207562124788232,-4.358014648007858
6121.TWO-3661.TW,6121.TWO,3661.TW,0.9194061878425369,0.0020928409246643125,-4.35574844894245
3264.TWO-2383.TW,3264.TWO,2383.TW,0.9291436002949799,0.002151704184916133,-4.348130009810216
2353.TW-9958.TW,2353.TW,9958.TW,0.9026365374410582,0.0022508747289226327,-4.335720620654999
2324.TW-2356.TW,2324.TW,2356.TW,0.9377030963496884,0.0025500940198674537,-4.301125946916298
3376.TW-6005.TW,3376.TW,6005.TW,0.920822453200851,0.0026628714756824186,-4.289053833419929
2474.TW-9939.TW,2474.TW,9939.TW,0.9476099408715638,0.0027498063256121133,-4.280065726836418
2404.TW-2328.TW,2404.TW,2328.TW,0.8663516139395481,0.002889561117599763,-4.266151339944119
2439.TW-1319.TW,2439.TW,1319.TW,0.8565551982633353,0.0029057229556281533,-4.264582424477835
0050.TW-3653.TW,0050.TW,3653.TW,0.9662760685301697,0.0029131603505902193,-4.263863135176047
1718.TW-1314.TW,1718.TW,1314.TW,0.9329660062588608,0.0029173376412915527,-4.263459880058956
1504.TW-6139.TW,1504.TW,6139.TW,0.8782270909419082,0.002931381658727539,-4.2621080270551515
1609.TW-6188.TWO,1609.TW,6188.TWO,0.9133312295362237,0.0030091817088079434,-4.254725419398627
00687B.TWO-8044.TWO,00687B.TWO,8044.TWO,0.8993029336334953,0.0030724936413503534,-4.248846133484612
8039.TW-8299.TWO,8039.TW,8299.TWO,0.9040051888663434,0.0031252593281897822,-4.244030731188014
1210.TW-3078.TWO,1210.TW,3078.TWO,0.8909594757180368,0.003125792040296697,-4.243982498205373
00679B.TWO-8044.TWO,00679B.TWO,8044.TWO,0.9021404352909973,0.0031516770039551256,-4.241647873264417
3045.TW-2312.TW,3045.TW,2312.TW,0.8561527373694681,0.0031840817230418613,-4.23874994041587
3293.TWO-3045.TW,3293.TWO,3045.TW,0.948681403057211,0.003191700031307719,-4.238072577712462
6290.TWO-2345.TW,6290.TWO,2345.TW,0.9312100425327008,0.003335096254713912,-4.225592453027658
6239.TW-8112.TW,6239.TW,8112.TW,0.8949597475223265,0.003424969396487076,-4.218019533355915
2368.TW-6257.TW,2368.TW,6257.TW,0.9508000002418152,0.0035707200849946392,-4.206117557431537
2439.TW-9939.TW,2439.TW,9939.TW,0.8839702746658821,0.0036383561698292988,-4.200745110427494
2421.TW-2301.TW,2421.TW,2301.TW,0.9595109371593388,0.003679748279744735,-4.1975022614929545
6505.TW-1326.TW,6505.TW,1326.TW,0.9842280425973539,0.0036839121637504547,-4.1971778972126375
3211.TWO-2328.TW,3211.TWO,2328.TW,0.8979915004391221,0.0037185960892702967,-4.194489020804019
2515.TW-3324.TWO,2515.TW,3324.TWO,0.88284112994146,0.0037193916726469085,-4.194427613182168
2357.TW-3045.TW,2357.TW,3045.TW,0.925879390257075,0.0038608266275256837,-4.183697597072205
6669.TW-2404.TW,6669.TW,2404.TW,0.9089417170845826,0.0041319274793302115,-4.164099917421297
3017.TW-6139.TW,3017.TW,6139.TW,0.9711882829374641,0.004146020101952256,-4.163113661311954
2360.TW-4958.TW,2360.TW,4958.TW,0.8954475300767,0.00421091972603459,-4.158610929494996
2408.TW-2344.TW,2408.TW,2344.TW,0.9905442062142893,0.004218538891201357,-4.158086480439219
1909.TW-8044.TWO,1909.TW,8044.TWO,0.8729024425808634,0.004315512026627312,-4.1514861000405
2515.TW-1513.TW,2515.TW,1513.TW,0.8655885821108433,0.004319210225545098,-4.151237078164339
1718.TW-1101.TW,1718.TW,1101.TW,0.8716511204073443,0.004606923091284029,-4.132436367521031
2454.TW-2312.TW,2454.TW,2312.TW,0.8556630813478864,0.004683061767884457,-4.127640562673484
2308.TW-8039.TW,2308.TW,8039.TW,0.9312585126095925,0.004687727165247777,-4.127349017524137
6153.TW-6269.TW,6153.TW,6269.TW,0.9110328915568398,0.00476154786596056,-4.1227707634763355
2603.TW-6005.TW,2603.TW,6005.TW,0.863358664820006,0.004816527092976867,-4.1194028856622475
2603.TW-2454.TW,2603.TW,2454.TW,0.8805116508874352,0.004866564691889904,-4.116368037290367
2474.TW-1216.TW,2474.TW,1216.TW,0.9249836047965654,0.0048959846582370126,-4.1145969241099385
6510.TWO-6223.TWO,6510.TWO,6223.TWO,0.9277390434108267,0.004900751058500919,-4.1143108949447305
2002.TW-1565.TWO,2002.TW,1565.TWO,0.8500080948642483,0.005074760457780021,-4.104038366731302
00679B.TWO-1718.TW,00679B.TWO,1718.TW,0.8609644492983335,0.0051454092334859095,-4.099958969703792
6139.TW-3653.TW,6139.TW,3653.TW,0.959988633965833,0.005175662625652586,-4.098227649758976
6239.TW-3017.TW,6239.TW,3017.TW,0.8793919856616919,0.005204479480987598,-4.096587080867596
6153.TW-3552.TWO,6153.TW,3552.TWO,0.8823346583259956,0.00540940680490506,-4.085153111274416
1609.TW-1503.TW,1609.TW,1503.TW,0.943036125085829,0.005467030559768618,-4.082008934861433
6547.TWO-1312.TW,6547.TWO,1312.TW,0.8866281302654517,0.005490896008847091,-4.080715555442892
2439.TW-6121.TWO,2439.TW,6121.TWO,0.8729459584929724,0.005502011953529667,-4.080114873685126
1503.TW-2376.TW,1503.TW,2376.TW,0.8575433878697645,0.005521088346585285,-4.079086591600296
2392.TW-2520.TW,2392.TW,2520.TW,0.8883191326345939,0.005597252759515805,-4.075012982450598
6510.TWO-8039.TW,6510.TWO,8039.TW,0.900390402118416,0.005628751007700394,-4.073343017620593
00687B.TWO-3691.TWO,00687B.TWO,3691.TWO,0.8531376561474107,0.005982460262911143,-4.055150931533051
6290.TWO-6274.TWO,6290.TWO,6274.TWO,0.9633934638159906,0.006105588539163948,-4.049046628128428
6414.TW-2376.TW,6414.TW,2376.TW,0.921763538800067,0.006108598221385128,-4.048898819664219
1718.TW-3714.TW,1718.TW,3714.TW,0.886863581989237,0.006113803875638208,-4.04864332058127
2439.TW-4938.TW,2439.TW,4938.TW,0.8546901057215961,0.006114940683871462,-4.048587551046599
6510.TWO-6274.TWO,6510.TWO,6274.TWO,0.907674899489292,0.00616109746945723,-4.046331089325931
2439.TW-6176.TW,2439.TW,6176.TW,0.8690609808141566,0.006340051022864444,-4.037724975582159
2449.TW-6139.TW,2449.TW,6139.TW,0.9646428339822468,0.006585070048378316,-4.026291676745027
8039.TW-5274.TWO,8039.TW,5274.TWO,0.9465364966863403,0.006729897416493992,-4.019713332473378
8299.TWO-5274.TWO,8299.TWO,5274.TWO,0.9063633617030102,0.00679974494289429,-4.0165863528350165
00687B.TWO-1718.TW,00687B.TWO,1718.TW,0.8523609106102701,0.006836539239305876,-4.014950778974732
2474.TW-2439.TW,2474.TW,2439.TW,0.8815054995952845,0.006967527624751036,-4.009191955841494
3036.TW-3044.TW,3036.TW,3044.TW,0.8958352436527154,0.007029815378709341,-4.006487748052914
6257.TW-2383.TW,6257.TW,2383.TW,0.9443780162113918,0.007100329177452465,-4.003452397859243
8039.TW-3711.TW,8039.TW,3711.TW,0.9346543602096998,0.007139882049640104,-4.001761691521868
2515.TW-3702.TW,2515.TW,3702.TW,0.8513880024587459,0.007172725037269917,-4.000364214964142
3706.TW-2404.TW,3706.TW,2404.TW,0.942122859970785,0.007297696496204626,-3.995098910902377
2308.TW-2383.TW,2308.TW,2383.TW,0.9687546759117011,0.007310208763204393,-3.9945762330871073
2382.TW-6188.TWO,2382.TW,6188.TWO,0.9648552805578477,0.007312740968139424,-3.994470552906517
6510.TWO-2383.TW,6510.TWO,2383.TW,0.931081528356549,0.007467565795719908,-3.9880709004663712
1314.TW-6116.TW,1314.TW,6116.TW,0.8939758867948271,0.0075049885700975375,-3.9865420037382644
4743.TWO-5871.TW,4743.TWO,5871.TW,0.8520914402740544,0.007550560963491332,-3.984689409682814
2059.TW-2328.TW,2059.TW,2328.TW,0.8575036159757563,0.007785340552528268,-3.9753019849399744
6290.TWO-2404.TW,6290.TWO,2404.TW,0.8970403510183534,0.00793772413902392,-3.9693446095119223
3152.TWO-2014.TW,3152.TWO,2014.TW,0.8635270004173144,0.007968988530712767,-3.968135081912014
2439.TW-3034.TW,2439.TW,3034.TW,0.8887490322435176,0.007978013304492278,-3.967786734197975
6290.TWO-6139.TW,6290.TWO,6139.TW,0.940508236594104,0.008077608089494101,-3.9639658383544996
1609.TW-1216.TW,1609.TW,1216.TW,0.9072978830553421,0.00810164036161327,-3.9630502044204468
3034.TW-9958.TW,3034.TW,9958.TW,0.8843485950161523,0.008265374823743126,-3.956876123957814
1909.TW-1314.TW,1909.TW,1314.TW,0.9272037666075575,0.008379840777354841,-3.9526248330559692
6279.TWO-8069.TWO,6279.TWO,8069.TWO,0.8515407526447228,0.008380949307958513,-3.9525839177844535
1503.TW-2356.TW,1503.TW,2356.TW,0.8569684601083172,0.00857194638928041,-3.945605880834114
3005.TW-2382.TW,3005.TW,2382.TW,0.935708307116173,0.008760411579994078,-3.938855898305711
3005.TW-6121.TWO,3005.TW,6121.TWO,0.9314182255096113,0.00893627220648451,-3.932673894313361
3231.TW-6414.TW,3231.TW,6414.TW,0.9220735861588331,0.00943063594416508,-3.9158623254607208
00679B.TWO-3691.TWO,00679B.TWO,3691.TWO,0.8513473808427373,0.009456181904125905,-3.915015228517179
6488.TWO-2492.TW,6488.TWO,2492.TW,0.8545784422278312,0.00952215163526439,-3.912837131962082
2338.TW-1301.TW,2338.TW,1301.TW,0.876509197154099,0.009670227495450276,-3.9079969434237305
5274.TWO-6257.TW,5274.TWO,6257.TW,0.9623374542073023,0.00979186957554132,-3.9040701712177692
3006.TW-3105.TWO,3006.TW,3105.TWO,0.8730194535358294,0.009824182970109646,-3.903034388270231
1904.TW-6269.TW,1904.TW,6269.TW,0.9048901436722102,0.009976289803895722,-3.898199266110757
2382.TW-6414.TW,2382.TW,6414.TW,0.9423779379791183,0.0100021891187807,-3.8973825619783273
6669.TW-6239.TW,6669.TW,6239.TW,0.8710127470283987,0.010044814064555862,-3.8960425415508437
2881.TW-2454.TW,2881.TW,2454.TW,0.9373344635134626,0.010216078444121316,-3.8907091456768894
2881.TW-6005.TW,2881.TW,6005.TW,0.9378700284179644,0.010237150953042035,-3.8900584494242065
2388.TW-2352.TW,2388.TW,2352.TW,0.8588155171755005,0.010300442590584009,-3.888111239998252
3017.TW-4958.TW,3017.TW,4958.TW,0.9035961635624111,0.010397663140637779,-3.8851408975581974
2368.TW-6274.TWO,2368.TW,6274.TWO,0.9764062320477124,0.010444592789902975,-3.88371593810702
2449.TW-2345.TW,2449.TW,2345.TW,0.9534929457482748,0.010521718657531308,-3.8813864759585806
6290.TWO-4958.TW,6290.TWO,4958.TW,0.8778408188598176,0.010763337055621673,-3.8741861438047818
2421.TW-1504.TW,2421.TW,1504.TW,0.8906643165836127,0.010918673101104993,-3.869632824781595
2603.TW-2882.TW,2603.TW,2882.TW,0.8768826352425726,0.011038736839089335,-3.866152829536136
00679B.TWO-1440.TW,00679B.TWO,1440.TW,0.8658986112255266,0.011233375538362228,-3.8605823199161304
1609.TW-2542.TW,1609.TW,2542.TW,0.8829280007310459,0.011273935736764893,-3.8594323318324095
2439.TW-1216.TW,2439.TW,1216.TW,0.8619241740614494,0.011348677572173187,-3.857322819980604
006205.TW-00636.TW,006205.TW,00636.TW,0.9772602812537601,0.011365253944388507,-3.85685664516995
3680.TWO-2324.TW,3680.TWO,2324.TW,0.8581882555125289,0.011391738424054205,-3.856113080722663
3680.TWO-1609.TW,3680.TWO,1609.TW,0.8650573319384222,0.011398619439554744,-3.855920144771905
6510.TWO-3665.TW,6510.TWO,3665.TW,0.8841760031040345,0.011577757722250588,-3.8509334311365855
1210.TW-6121.TWO,1210.TW,6121.TWO,0.8575411977723387,0.011599232715835989,-3.8503402431586187
2338.TW-1326.TW,2338.TW,1326.TW,0.8802352780196823,0.012010545113857843,-3.8391633087156354
2327.TW-3653.TW,2327.TW,3653.TW,0.892474216054905,0.012022131543563602,-3.8388534169247266
3376.TW-3005.TW,3376.TW,3005.TW,0.9217809294908489,0.012113897244163839,-3.836408372448035
9939.TW-1319.TW,9939.TW,1319.TW,0.9511935818365809,0.012128923788503873,-3.8360095675273698
3552.TWO-1312.TW,3552.TWO,1312.TW,0.8740265909461036,0.01225202302086938,-3.832758931658848
3264.TWO-8039.TW,3264.TWO,8039.TW,0.8880054208387919,0.012262052996999404,-3.8324953533719968
5274.TWO-4958.TW,5274.TWO,4958.TW,0.8912725527550754,0.012574362183156555,-3.824382426132558
1513.TW-6121.TWO,1513.TW,6121.TWO,0.9131530533973401,0.012629378881260013,-3.8229718032993194
3005.TW-6414.TW,3005.TW,6414.TW,0.9215501652534586,0.012713793500886608,-3.820817982062758
2383.TW-6274.TWO,2383.TW,6274.TWO,0.9746399821047916,0.012799839694665633,-3.818635543911871
2801.TW-2059.TW,2801.TW,2059.TW,0.9579291696082293,0.012982440103420104,-3.8140469035912115
6290.TWO-2368.TW,6290.TWO,2368.TW,0.9551252136568169,0.013086907493357074,-3.811447358798949
3706.TW-2328.TW,3706.TW,2328.TW,0.8529517242730764,0.013188228041132252,-3.808943621044241
2338.TW-6505.TW,2338.TW,6505.TW,0.8599791142795853,0.013204118017612614,-3.808552509422599
1301.TW-5871.TW,1301.TW,5871.TW,0.8910572401213459,0.01328753172967159,-3.806506197905804
3665.TW-4958.TW,3665.TW,4958.TW,0.8660754427101985,0.013389819253514533,-3.8040123407357105
3006.TW-8046.TW,3006.TW,8046.TW,0.860028336934234,0.014131310405626724,-3.786421881445669
2801.TW-2404.TW,2801.TW,2404.TW,0.9408081641161637,0.014502705144716606,-3.777915867673427
8299.TWO-8358.TWO,8299.TWO,8358.TWO,0.8635533384301591,0.014577092930434852,-3.7762353233114814
6257.TW-6274.TWO,6257.TW,6274.TWO,0.9634354681818309,0.01461087459053981,-3.775474636486939
1504.TW-3231.TW,1504.TW,3231.TW,0.8539992488175697,0.014703742418140289,-3.773391430012748
3105.TWO-8046.TW,3105.TWO,8046.TW,0.8603039447044678,0.014743228382916772,-3.772509197529045
2801.TW-3044.TW,2801.TW,3044.TW,0.9489699147282621,0.014755175976325386,-3.7722426638666544
3264.TWO-5274.TWO,3264.TWO,5274.TWO,0.9298680336965243,0.014823269834584915,-3.7707272113058927
6669.TW-00893.TW,6669.TW,00893.TW,0.9515342445740776,0.014845249112385037,-3.770239365262838
8299.TWO-6274.TWO,8299.TWO,6274.TWO,0.9132984073566253,0.015466245326643991,-3.756712333556009
3680.TWO-1477.TW,3680.TWO,1477.TW,0.8608751653798834,0.015484062028916843,-3.75633134433495
6182.TWO-1314.TW,6182.TWO,1314.TW,0.855286494352071,0.015682562431731325,-3.752112541224772
5274.TWO-6274.TWO,5274.TWO,6274.TWO,0.9504120958498897,0.01582434942323273,-3.749127762377791
3036.TW-6257.TW,3036.TW,6257.TW,0.8876269692943595,0.016041969089388014,-3.7445920587559915
3376.TW-3293.TWO,3376.TW,3293.TWO,0.9152319045619671,0.01620589343425579,-3.7412110726783854
2886.TW-4904.TW,2886.TW,4904.TW,0.9264560840462721,0.01663908217327302,-3.732418928551992
2002.TW-1314.TW,2002.TW,1314.TW,0.8700140528903324,0.01692776018640574,-3.726670740627411
6290.TWO-3665.TW,6290.TWO,3665.TW,0.9506538959470424,0.017109565868065172,-3.7230945839476264
2474.TW-3005.TW,2474.TW,3005.TW,0.8839831724655297,0.01713103793410048,-3.7226744265584957
2308.TW-3665.TW,2308.TW,3665.TW,0.9527588827040954,0.01724210197188897,-3.720508508614918
2454.TW-2891.TW,2454.TW,2891.TW,0.9497141683126648,0.017243619713832623,-3.720478995134036
1477.TW-2356.TW,1477.TW,2356.TW,0.8851102734939389,0.01731188677694602,-3.719153846075203
2002.TW-1312.TW,2002.TW,1312.TW,0.9220117132901946,0.01733998031640203,-3.718609845017581
3552.TWO-6505.TW,3552.TWO,6505.TW,0.859753377288138,0.01751863333133651,-3.7151683816595016
6121.TWO-2324.TW,6121.TWO,2324.TW,0.8940365932041752,0.01783286339197482,-3.709189134995211
6121.TWO-2376.TW,6121.TWO,2376.TW,0.8933197106023767,0.01783520172366767,-3.709144987511383
6414.TW-9939.TW,6414.TW,9939.TW,0.9262818225067092,0.017843971274903708,-3.7089794643159304
2886.TW-3005.TW,2886.TW,3005.TW,0.9187592414977749,0.017857972610662444,-3.708715339949013
3005.TW-3661.TW,3005.TW,3661.TW,0.9199802071630793,0.017912137834636906,-3.7076952586008454
1909.TW-1312.TW,1909.TW,1312.TW,0.9483321190361407,0.018002147473176126,-3.7060060818058784
00687B.TWO-6547.TWO,00687B.TWO,6547.TWO,0.8614970452736438,0.01800811825479268,-3.7058942919495848
3211.TWO-3665.TW,3211.TWO,3665.TW,0.9346681579198057,0.018190952920707264,-3.702486711252863
6669.TW-2301.TW,6669.TW,2301.TW,0.9241084630730246,0.01829290002972595,-3.7005996581644744
8039.TW-4958.TW,8039.TW,4958.TW,0.8640656854579585,0.018373779039312414,-3.6991091076468146
1314.TW-1312.TW,1314.TW,1312.TW,0.9276729864953844,0.018381685744671243,-3.698963699850146
3376.TW-00757.TW,3376.TW,00757.TW,0.9298621904276548,0.018608662646195064,-3.6948126256708695
6290.TWO-6257.TW,6290.TWO,6257.TW,0.9370301960959487,0.018659351893052133,-3.693891640497088
00679B.TWO-1909.TW,00679B.TWO,1909.TW,0.8674400469056948,0.018763759079015906,-3.692001507143185
3211.TWO-2059.TW,3211.TWO,2059.TW,0.950348472724679,0.018999164223897837,-3.687773325266404
6472.TW-6188.TWO,6472.TW,6188.TWO,0.9251381433634182,0.019031461524792605,-3.687196796113521
2474.TW-1319.TW,2474.TW,1319.TW,0.9299122405483317,0.019096618906909658,-3.6860362860755593
3264.TWO-6274.TWO,3264.TWO,6274.TWO,0.9270786272876924,0.01909824228827719,-3.686007416376578
1504.TW-3044.TW,1504.TW,3044.TW,0.8890372808938894,0.019446448218399776,-3.67986395496298
2834.TW-4904.TW,2834.TW,4904.TW,0.9401093287029584,0.019772932868663783,-3.6741902450064825
2801.TW-3706.TW,2801.TW,3706.TW,0.9422999680901953,0.019796947694019365,-3.6737761421240682
2881.TW-3227.TWO,2881.TW,3227.TWO,0.9075375043026268,0.019814070516736525,-3.6734811496068076
6257.TW-6223.TWO,6257.TW,6223.TWO,0.9533631340063358,0.019856983386125997,-3.6727428199596823
3264.TWO-2308.TW,3264.TWO,2308.TW,0.9048394611092879,0.019868128521661255,-3.672551291728469
8299.TWO-2383.TW,8299.TWO,2383.TW,0.8932332524033799,0.019898061351433318,-3.672037361347434
3231.TW-6188.TWO,3231.TW,6188.TWO,0.9522511862103158,0.020120923410641936,-3.668231968957784
1795.TW-6245.TWO,1795.TW,6245.TWO,0.8647788856499313,0.02013829228339854,-3.667936937667611
2515.TW-00878.TW,2515.TW,00878.TW,0.866459179787844,0.020196392910564562,-3.6669516355112397
2344.TW-1717.TW,2344.TW,1717.TW,0.9019271531831553,0.020197638591322745,-3.666930537607833
3376.TW-3045.TW,3376.TW,3045.TW,0.8838513717686105,0.02061146587337251,-3.659983488950998
3017.TW-2345.TW,3017.TW,2345.TW,0.9659630185886632,0.020619115625807146,-3.6598562164169683
8299.TWO-2313.TW,8299.TWO,2313.TW,0.8915465906715375,0.020949695565623722,-3.6543950366315263
1216.TW-6414.TW,1216.TW,6414.TW,0.9122823382355961,0.021112723282671456,-3.651729342610458
8039.TW-2313.TW,8039.TW,2313.TW,0.904952525131085,0.021180257286607194,-3.6506303177684045
2474.TW-6414.TW,2474.TW,6414.TW,0.9074553954629561,0.021225548179212617,-3.6498949733418926
2881.TW-2312.TW,2881.TW,2312.TW,0.9073723340102672,0.021272115709254014,-3.6491403208145616
3034.TW-2353.TW,3034.TW,2353.TW,0.8944306759369633,0.02139737127503908,-3.64711758036679
00719B.TWO-3533.TW,00719B.TWO,3533.TW,0.8982905222273576,0.021841844448173667,-3.640021792877804
00679B.TWO-6547.TWO,00679B.TWO,6547.TWO,0.862715673664856,0.021889816218919004,-3.6392634563322104
1904.TW-1905.TW,1904.TW,1905.TW,0.891744896939712,0.021982243175144578,-3.637806427435204
00687B.TWO-1909.TW,00687B.TWO,1909.TW,0.8575775202773409,0.022130146589751425,-3.6354858738534843
6182.TWO-1312.TW,6182.TWO,1312.TW,0.889068606971017,0.02217519767792603,-3.6347817087642076
3293.TWO-2312.TW,3293.TWO,2312.TW,0.8965344837610703,0.022271150674557535,-3.6332860507677345
6257.TW-2345.TW,6257.TW,2345.TW,0.9517594673499542,0.02228379472351869,-3.6330893794410546
3231.TW-3661.TW,3231.TW,3661.TW,0.9167153840279223,0.022333357876846982,-3.6323193825671902
2884.TW-2404.TW,2884.TW,2404.TW,0.9157801368850571,0.022475274243812602,-3.630122775247771
3152.TWO-1314.TW,3152.TWO,1314.TW,0.8598437508717245,0.022569352408790894,-3.628673228262436
2515.TW-0056.TW,2515.TW,0056.TW,0.875287172528181,0.02269556946396105,-3.6267366844757767
5534.TW-2542.TW,5534.TW,2542.TW,0.8744623395196803,0.02283657301740515,-3.6245842660414875
1216.TW-6188.TWO,1216.TW,6188.TWO,0.8989668186029551,0.023064382773591355,-3.621130929478555
4958.TW-3653.TW,4958.TW,3653.TW,0.9067099102566373,0.023090464237892662,-3.620737448876277
2886.TW-2382.TW,2886.TW,2382.TW,0.9205888847020172,0.02336481431458347,-3.6166215585385477
2327.TW-6290.TWO,2327.TW,6290.TWO,0.9314706642897858,0.023611329666734293,-3.6129587347622474
2368.TW-4958.TW,2368.TW,4958.TW,0.9014690057195246,0.023671412343168496,-3.61207101259723
8039.TW-6257.TW,8039.TW,6257.TW,0.9224832175020067,0.023674015791279902,-3.6120325906419555
1477.TW-2324.TW,1477.TW,2324.TW,0.8935602657206325,0.023715584049450608,-3.6114196158522978
6669.TW-3324.TWO,6669.TW,3324.TWO,0.9437485262721121,0.02408519471529866,-3.6060096797656933
1718.TW-1312.TW,1718.TW,1312.TW,0.9121565338260356,0.024206641810207596,-3.6042477164955167
8299.TWO-6223.TWO,8299.TWO,6223.TWO,0.8974319798032909,0.024262807752094624,-3.603435435294768
2603.TW-3045.TW,2603.TW,3045.TW,0.8553412881415906,0.024274981265841662,-3.6032595938613436
2474.TW-1503.TW,2474.TW,1503.TW,0.8809544772138317,0.0243361933108113,-3.6023765621821724
2886.TW-6188.TWO,2886.TW,6188.TWO,0.9013403377166397,0.024385290024394365,-3.601669687244999
2357.TW-00757.TW,2357.TW,00757.TW,0.9601454944571903,0.02498837724072873,-3.5930853187660765
3044.TW-3653.TW,3044.TW,3653.TW,0.9331921995974661,0.02505114593015758,-3.5922021565028563
0050.TW-6139.TW,0050.TW,6139.TW,0.9630587979045767,0.02510827651304799,-3.5913999783773445
3376.TW-2393.TW,3376.TW,2393.TW,0.8945323435297046,0.025332685934935033,-3.5882641513210984
1503.TW-4938.TW,1503.TW,4938.TW,0.8988863771957533,0.025535763684740833,-3.5854469507135884
2881.TW-3019.TW,2881.TW,3019.TW,0.89462268824647,0.025570935450424246,-3.584960989714786
6290.TWO-8358.TWO,6290.TWO,8358.TWO,0.903668922076722,0.025812171822654034,-3.5816432885200267
3376.TW-2439.TW,3376.TW,2439.TW,0.8578312627941059,0.02596742790143784,-3.579522142846531
2515.TW-1608.TW,2515.TW,1608.TW,0.8625477760996431,0.026098793477736203,-3.577735893557566
6547.TWO-3714.TW,6547.TWO,3714.TW,0.8752525551729382,0.02610146032344777,-3.5776997111129045
5274.TWO-6223.TWO,5274.TWO,6223.TWO,0.962167920999092,0.026324345454435686,-3.5746868849422535
2002.TW-1301.TW,2002.TW,1301.TW,0.909091577782487,0.026569047103198764,-3.571404289157135
1504.TW-00757.TW,1504.TW,00757.TW,0.8601788087755319,0.026646825329806095,-3.5703663559301995
6188.TWO-1503.TW,6188.TWO,1503.TW,0.8903116783583287,0.026728126807678627,-3.5692841823386963
1101.TW-9914.TW,1101.TW,9914.TW,0.8679738941466623,0.026851752144643738,-3.567644054018151
6505.TW-2002.TW,6505.TW,2002.TW,0.8865777905510279,0.026872540540562994,-3.567368892639263
3376.TW-2357.TW,3376.TW,2357.TW,0.9266447662738968,0.027057862098876215,-3.5649239598996374
9939.TW-2542.TW,9939.TW,2542.TW,0.8977609432329463,0.02708185528907989,-3.564608470793562
6414.TW-2324.TW,6414.TW,2324.TW,0.9005402480979714,0.027093796137959293,-3.5644515485956774
3376.TW-2474.TW,3376.TW,2474.TW,0.8777884189934676,0.027286146103630393,-3.561931895025302
6188.TWO-2542.TW,6188.TWO,2542.TW,0.8602450616783645,0.02740268686334893,-3.5604126900231408
1440.TW-3714.TW,1440.TW,3714.TW,0.8897214437111001,0.02780100786784079,-3.5552617147012033
1909.TW-6116.TW,1909.TW,6116.TW,0.9136422800435552,0.027943020729858065,-3.553440526644379
1609.TW-2324.TW,1609.TW,2324.TW,0.8873542084184648,0.028124383721845874,-3.5511261969145105
6116.TW-1312.TW,6116.TW,1312.TW,0.9061211033301282,0.028133555054592627,-3.551009503456277
6290.TWO-2449.TW,6290.TWO,2449.TW,0.9552216785843212,0.028178699780591714,-3.550435568827971
2881.TW-3376.TW,2881.TW,3376.TW,0.9004984779073929,0.028222859857978407,-3.549874913159889
6669.TW-3706.TW,6669.TW,3706.TW,0.9378658919289097,0.028268681157026996,-3.5492939597371316
8039.TW-6223.TWO,8039.TW,6223.TWO,0.9514824860047554,0.028374256742627505,-3.5479584620872253
2801.TW-6669.TW,2801.TW,6669.TW,0.9399688733215861,0.02839194664134295,-3.547735106490866
2385.TW-2324.TW,2385.TW,2324.TW,0.9132540663766263,0.028533014955500164,-3.5459582019584497
2409.TW-6116.TW,2409.TW,6116.TW,0.8762707942945414,0.02874937045608925,-3.543247519349843
6290.TWO-8299.TWO,6290.TWO,8299.TWO,0.9056863773135939,0.028836183134203604,-3.542164758611831
2834.TW-2474.TW,2834.TW,2474.TW,0.9096611103345899,0.02894258572343555,-3.5408414588609833
2886.TW-6414.TW,2886.TW,6414.TW,0.8915985371040173,0.029222299519613346,-3.5373824593086263
6188.TWO-2376.TW,6188.TWO,2376.TW,0.9273914237506339,0.029335538638763235,-3.5359901586002325
1513.TW-2542.TW,1513.TW,2542.TW,0.8898591983288453,0.029716734465055173,-3.5313367475223822
2439.TW-2385.TW,2439.TW,2385.TW,0.860963695773683,0.02995249386636023,-3.5284841704126997
8299.TWO-3653.TW,8299.TWO,3653.TW,0.8512763888320339,0.029967182903319192,-3.528307074617278
3552.TWO-1904.TW,3552.TWO,1904.TW,0.8629654249995222,0.03031420318195199,-3.5241446646938686
2308.TW-4958.TW,2308.TW,4958.TW,0.9179049186148075,0.030565153647363185,-3.5211598161427737
2618.TW-3045.TW,2618.TW,3045.TW,0.8708100664094605,0.030903866560327106,-3.5171640356620575
00687B.TWO-1440.TW,00687B.TWO,1440.TW,0.8653330567526014,0.030966078118948574,-3.516434185803072
2474.TW-1609.TW,2474.TW,1609.TW,0.8772106371561841,0.03098586102993762,-3.516202359384105
6547.TWO-1440.TW,6547.TWO,1440.TW,0.8814926782595482,0.031159051139127134,-3.5141781886914614
6443.TW-1303.TW,6443.TW,1303.TW,0.8596561586899424,0.031197907726584956,-3.5137253651703335
2312.TW-2486.TW,2312.TW,2486.TW,0.8536033507865289,0.031427668653253055,-3.5110575617086965
2308.TW-2368.TW,2308.TW,2368.TW,0.9616470502130825,0.03194147046916626,-3.5051511935717374
6472.TW-6414.TW,6472.TW,6414.TW,0.9390971486892501,0.03195245246061818,-3.5050258348985204
2357.TW-3227.TWO,2357.TW,3227.TWO,0.9250976905494483,0.031956331174628025,-3.5049815683936925
3711.TW-4958.TW,3711.TW,4958.TW,0.8730753735735003,0.032043660287825605,-3.5039861158704135
2454.TW-3045.TW,2454.TW,3045.TW,0.8754210179043148,0.03215526373005481,-3.502717312527268
2887.TW-3653.TW,2887.TW,3653.TW,0.8816994615131994,0.03233074110550927,-3.500729878336127
2881.TW-00757.TW,2881.TW,00757.TW,0.9597508783228751,0.03282110320199848,-3.495224244813888
2449.TW-3665.TW,2449.TW,3665.TW,0.917348283763676,0.03334390204647728,-3.489430739269971
6239.TW-3324.TWO,6239.TW,3324.TWO,0.9121831411320379,0.033915990756427594,-3.483178557488502
6153.TW-1909.TW,6153.TW,1909.TW,0.8544511515851121,0.03396109113853724,-3.482689475907851
2385.TW-9958.TW,2385.TW,9958.TW,0.8669536464197286,0.03428024975666572,-3.479244048567976
3264.TWO-6223.TWO,3264.TWO,6223.TWO,0.9087132140890983,0.03475555680706536,-3.474162899256137
2474.TW-6121.TWO,2474.TW,6121.TWO,0.8859007918256587,0.03502886263534706,-3.471267730884553
3376.TW-2454.TW,3376.TW,2454.TW,0.9277447748563671,0.03529639157860898,-3.4684521795602774
3653.TW-2345.TW,3653.TW,2345.TW,0.9686673683292819,0.03541090859776669,-3.4672524740970294
6239.TW-3044.TW,6239.TW,3044.TW,0.8799670948610903,0.03542371867331948,-3.467118476684392
2408.TW-3260.TWO,2408.TW,3260.TWO,0.9107741096145326,0.03575242008975378,-3.463694065495408
2324.TW-1503.TW,2324.TW,1503.TW,0.8728996268071478,0.03575611197796955,-3.463655754519288
6414.TW-2356.TW,6414.TW,2356.TW,0.8914427410780584,0.03583109404790527,-3.462878381619764
2357.TW-3293.TWO,2357.TW,3293.TWO,0.9450210967875418,0.0361047516977946,-3.4600528403271005
2308.TW-6274.TWO,2308.TW,6274.TWO,0.9622041734016693,0.03669647249310586,-3.4540044551450957
00893.TW-6139.TW,00893.TW,6139.TW,0.9544026800090915,0.03685321731814272,-3.4524160286528964
1216.TW-2542.TW,1216.TW,2542.TW,0.890627539918696,0.03697147932505522,-3.451221340986621
6510.TWO-2368.TW,6510.TWO,2368.TW,0.9133191648245814,0.03697935405517274,-3.4511419044212497
3227.TWO-3045.TW,3227.TWO,3045.TW,0.860331253093642,0.03711074456492398,-3.4498185948660662
2548.TW-2515.TW,2548.TW,2515.TW,0.8516339597966754,0.0372660949990232,-3.4482590478588113
2308.TW-6223.TWO,2308.TW,6223.TWO,0.9756357372590574,0.037443732834743663,-3.446482447965538
1101.TW-1909.TW,1101.TW,1909.TW,0.8801734788505581,0.037624526220812145,-3.4446815517467417
3552.TWO-1326.TW,3552.TWO,1326.TW,0.863040956363315,0.03795540018216452,-3.441404446905191
1504.TW-2301.TW,1504.TW,2301.TW,0.9290140280331542,0.038215555091829924,-3.438844585053481
1440.TW-3691.TWO,1440.TW,3691.TWO,0.8681630477496204,0.03841684036687726,-3.4368740092790886
3005.TW-3231.TW,3005.TW,3231.TW,0.9145498890260707,0.03853233239738916,-3.4357472566485816
2485.TW-2337.TW,2485.TW,2337.TW,0.9288592865801226,0.03864732251731138,-3.434628213240814
3376.TW-3324.TWO,3376.TW,3324.TWO,0.8958326933768678,0.038724069399055365,-3.4338828932699514
5388.TW-2353.TW,5388.TW,2353.TW,0.8624476150707001,0.03875466560357796,-3.433586106670236
6290.TWO-5274.TWO,6290.TWO,5274.TWO,0.9262878694053897,0.038925448513392025,-3.4319330948973725
1609.TW-6121.TWO,1609.TW,6121.TWO,0.8511436778153948,0.03907482559498977,-3.4304922501341197
3376.TW-2886.TW,3376.TW,2886.TW,0.8520058358106812,0.03922079539802771,-3.429088725700305
3376.TW-1216.TW,3376.TW,1216.TW,0.8925530247833138,0.0393576210003928,-3.427777094577848
2412.TW-2884.TW,2412.TW,2884.TW,0.9504949064469036,0.039711855860554104,-3.4243990110187874
3376.TW-1319.TW,3376.TW,1319.TW,0.8925612486514942,0.04001383571456118,-3.4215391160679265
3711.TW-6274.TWO,3711.TW,6274.TWO,0.9514020079329941,0.04006121125221438,-3.421092087853902
2385.TW-2353.TW,2385.TW,2353.TW,0.8966852337746065,0.040377278234408384,-3.4181209984953305
2634.TW-6188.TWO,2634.TW,6188.TWO,0.8558121350361639,0.04090868685419968,-3.413169221457732
1609.TW-6414.TW,1609.TW,6414.TW,0.913413216310118,0.04123454576125699,-3.4101593303443836
2002.TW-6116.TW,2002.TW,6116.TW,0.8701758116915762,0.04147796363241034,-3.4079238674986976
2324.TW-2376.TW,2324.TW,2376.TW,0.9272258463083151,0.04170840565374364,-3.4058176404627067
9939.TW-6121.TWO,9939.TW,6121.TWO,0.9109799377081131,0.04175638140953503,-3.405380366777863
6239.TW-6139.TW,6239.TW,6139.TW,0.8937213314267558,0.04188551910978246,-3.4042054243223894
3706.TW-2059.TW,3706.TW,2059.TW,0.9653916845965493,0.042062986354447475,-3.4025956823795984
2330.TW-2345.TW,2330.TW,2345.TW,0.9529844492683623,0.04219090828411325,-3.401438857855682
1216.TW-9939.TW,1216.TW,9939.TW,0.9348092166499316,0.042351112606771775,-3.3999942147064957
3706.TW-2884.TW,3706.TW,2884.TW,0.8947602723803482,0.04235565867674417,-3.399953287021202
2327.TW-6223.TWO,2327.TW,6223.TWO,0.9200265687485688,0.04242467823807314,-3.3993323621315867
6472.TW-1216.TW,6472.TW,1216.TW,0.9026151798310839,0.04284873303281787,-3.3955357803053023
6505.TW-1301.TW,6505.TW,1301.TW,0.976859932669548,0.042866565273267675,-3.3953768144167165
4904.TW-1560.TW,4904.TW,1560.TW,0.9232994769654332,0.04319787092369729,-3.392433352271403
2385.TW-3034.TW,2385.TW,3034.TW,0.9020226150171247,0.04361254454493961,-3.3887755753323203
3036.TW-2885.TW,3036.TW,2885.TW,0.8716574945453973,0.04388922301597371,-3.3863510926963785
6414.TW-1319.TW,6414.TW,1319.TW,0.9080811601275041,0.04389561917831996,-3.386295194765213
1513.TW-9939.TW,1513.TW,9939.TW,0.9496632261268934,0.04407179765768005,-3.384758174881909
3711.TW-3653.TW,3711.TW,3653.TW,0.9481843986631241,0.04416815628009343,-3.3839196802005747
4958.TW-6274.TWO,4958.TW,6274.TWO,0.8912707640739287,0.044201623711507015,-3.383628808544546
2548.TW-2474.TW,2548.TW,2474.TW,0.8868358346278602,0.04472109590260754,-3.3791372737294134
3045.TW-6005.TW,3045.TW,6005.TW,0.9003711947527646,0.045496236137592024,-3.372515006667404
1101.TW-2014.TW,1101.TW,2014.TW,0.8580588221064277,0.04566594570846205,-3.3710776238392595
2886.TW-3231.TW,2886.TW,3231.TW,0.9040592418087564,0.04568253694118659,-3.370937339405281
6182.TWO-6271.TW,6182.TWO,6271.TW,0.8943524184738197,0.04573200337785301,-3.3705193345769753
2834.TW-2542.TW,2834.TW,2542.TW,0.8966624751899681,0.04586239871461842,-3.36941925141115
2801.TW-1504.TW,2801.TW,1504.TW,0.8964298418765646,0.04620323907513033,-3.3665559340467155
1503.TW-8112.TW,1503.TW,8112.TW,0.8754880022296935,0.0464928274013022,-3.364136883683741
2327.TW-5274.TWO,2327.TW,5274.TWO,0.9151966116436138,0.0467300500535744,-3.362164539828767
1609.TW-5534.TW,1609.TW,5534.TW,0.9013555351946544,0.04724355452157608,-3.3579233087695686
2327.TW-2345.TW,2327.TW,2345.TW,0.8656806908187107,0.04873117415861865,-3.3458478728417247
1504.TW-2059.TW,1504.TW,2059.TW,0.915921795428471,0.048746992079883616,-3.345721118187892
2449.TW-4958.TW,2449.TW,4958.TW,0.887644260063177,0.0489509678443629,-3.34408961770978
6257.TW-4958.TW,6257.TW,4958.TW,0.8899145294066886,0.049345213951328695,-3.340952053740682
00878.TW-2382.TW,00878.TW,2382.TW,0.9765323687963874,0.049594531050444285,-3.338978532641413
3706.TW-00893.TW,3706.TW,00893.TW,0.9462594409446171,0.04960292830299574,-3.3389122047758844
2327.TW-2368.TW,2327.TW,2368.TW,0.8891804129894703,0.04967090652723033,-3.338375601262252
3324.TWO-6005.TW,3324.TWO,6005.TW,0.9396252762373587,0.04997171646053971,-3.3360083115076944
