SubIndustry,Pair,Ticker1,Name1,Prod1,Ticker2,Name2,Prod2,ProfitFactor,TotalReturn,TotalReturnPct,AnnualizedReturn,WinRate,TotalTrades,WinTrades,LoseTrades,AvgWin,AvgLose,MaxDrawdownPct,SharpeRatio,BaseContracts,BaseMargin,PriceCorr,ReturnCorr,CointPValue
半導體封裝測試,3711.TW - 3264.TWO,3711.TW,日月光投控,集團合併封裝收入 (50%),3264.TWO,欣銓,晶圓測試 (71%),4.536,901898.0,90.19,9.8,65.6,93,61,32,18185.0,-7641.0,13.51,0.644,1 : 2,48596.0,0.932,0.624,0.2709
電信服務,4904.TW - 3045.TW,4904.TW,遠傳,行動通訊暨生活服務 (77%),3045.TW,台灣大,零售相關服務 (55%),4.303,586486.0,58.65,6.95,64.8,108,70,38,11393.0,-4878.0,6.05,0.688,3 : 2,90345.0,0.873,0.596,0.6376
記憶體晶片與模組,3006.TW - 3260.TWO,3006.TW,晶豪科,積體電路收入 (100%),3260.TWO,威剛,DRAM產品 (69%),3.942,2077568.0,207.76,17.77,62.5,88,55,33,51024.0,-21572.0,21.84,0.651,1 : 2,77405.0,0.579,0.651,0.5243
半導體封裝測試,6257.TW - 3711.TW,6257.TW,矽格,測試 (81%),3711.TW,日月光投控,集團合併封裝收入 (50%),3.921,1470560.0,147.06,14.06,62.2,90,56,34,35704.0,-14997.0,24.87,0.457,2 : 1,47803.0,0.966,0.674,0.5534
電信服務,3045.TW - 4904.TW,3045.TW,台灣大,零售相關服務 (55%),4904.TW,遠傳,行動通訊暨生活服務 (77%),3.716,531778.0,53.18,6.4,66.0,100,66,34,11494.0,-6004.0,6.95,0.67,2 : 3,90345.0,0.873,0.596,0.4505
半導體封裝測試,6257.TW - 2441.TW,6257.TW,矽格,測試 (81%),2441.TW,超豐,封裝 (84%),3.598,596448.0,59.64,7.04,69.0,87,60,27,14878.0,-9188.0,12.65,0.641,4 : 3,99582.0,0.848,0.73,0.9018
矽晶圓與半導體材料,6488.TWO - 5483.TWO,6488.TWO,環球晶,半導體營收 (100%),5483.TWO,中美晶,半導體 (82%),3.514,1863214.0,186.32,16.54,71.9,96,69,27,39105.0,-28440.0,19.73,0.797,1 : 4,414321.0,0.973,0.797,0.9638
電信服務,2412.TW - 3045.TW,2412.TW,中華電,個人家庭 (53%),3045.TW,台灣大,零售相關服務 (55%),3.403,444400.0,44.44,5.5,71.9,96,69,27,9290.0,-6976.0,5.29,0.648,5 : 6,272770.0,0.878,0.586,0.0603
ABF載板與高階PCB,2368.TW - 3037.TW,2368.TW,金像電,印刷電路板 (100%),3037.TW,欣興,印刷電路板 (99%),3.387,5230848.0,523.08,30.5,61.3,93,57,36,132187.0,-61793.0,49.95,0.461,11 : 4,449880.0,0.653,0.538,0.9317
矽晶圓與半導體材料,5483.TWO - 6488.TWO,5483.TWO,中美晶,半導體 (82%),6488.TWO,環球晶,半導體營收 (100%),3.273,2686711.0,268.67,20.9,70.2,94,66,28,62725.0,-45178.0,35.56,0.595,4 : 1,414321.0,0.973,0.797,0.8647
電信服務,3045.TW - 2412.TW,3045.TW,台灣大,零售相關服務 (55%),2412.TW,中華電,個人家庭 (53%),3.24,473975.0,47.4,5.81,71.0,93,66,27,10610.0,-8005.0,9.78,0.568,6 : 5,272770.0,0.878,0.586,0.0495
半導體封裝測試,3264.TWO - 3711.TW,3264.TWO,欣銓,晶圓測試 (71%),3711.TW,日月光投控,集團合併封裝收入 (50%),3.224,1513703.0,151.37,14.35,64.1,92,59,33,34520.0,-19142.0,24.96,0.511,9 : 5,230187.0,0.932,0.624,0.089
AI伺服器與ODM代工,2353.TW - 2356.TW,2353.TW,宏碁,電腦和顯示器產品 (68%),2356.TW,英業達,電腦產品 (99%),3.192,359261.0,35.93,4.57,68.5,89,61,28,8994.0,-6138.0,6.38,0.464,1 : 1,12331.0,0.891,0.685,0.1527
半導體封裝測試,3711.TW - 6257.TW,3711.TW,日月光投控,集團合併封裝收入 (50%),6257.TW,矽格,測試 (81%),3.156,739745.0,73.97,8.39,62.8,86,54,32,20338.0,-10875.0,20.84,0.373,1 : 2,47803.0,0.966,0.674,0.7914
ABF載板與高階PCB,6269.TW - 6153.TW,6269.TW,台郡,軟式印刷電路板 (95%),6153.TW,嘉聯益,中國大陸 (43%),3.042,236490.0,23.65,3.14,68.0,97,66,31,5699.0,-3989.0,4.9,0.385,1 : 3,45117.0,0.758,0.555,0.2021
半導體封裝測試,6271.TW - 3264.TWO,6271.TW,同欣電,影像產品 (54%),3264.TWO,欣銓,晶圓測試 (71%),3.026,1188495.0,118.85,12.07,62.4,93,58,35,30974.0,-16961.0,19.93,0.546,1 : 5,123621.0,0.848,0.504,0.1519
