SubIndustry,Rank,Ticker,Name,JP_Name,EN_Name,PrimaryProduct,PrimaryRatio,ProductBreakdown,BusinessSummary,TaiwanPeers,CurrentPrice_JPY,MarketCap_Trillion_JPY
電信服務,1,9432.T,日本電信電話 (NTT),日本電信電話株式会社,Nippon Telegraph and Telephone Corporation,綜合資通訊與固網寬頻服務 (NTT東日本/西日本),35.0,地域通訊與固網寬頻 35.0% | 全球IT系統方案 (NTT DATA) 35.0% | 5G行動通訊 (NTT DOCOMO) 30.0%,日本第一大綜合電信巨頭，旗下控股 NTT DOCOMO 與 NTT DATA，壟斷全日本光纖固網與行動通訊市場。,"2412.TW (中華電), 3045.TW (台灣大), 4904.TW (遠傳)",170.4,13.79
電信服務,2,9433.T,KDDI,KDDI株式会社,KDDI Corporation,au 行動通訊與個人生活服務 (Personal Services),80.0,個人行動通訊與家庭寬頻 (au) 80.0% | 企業雲端與IoT解決方案 20.0%,日本第二大綜合電信服務商，以 au 品牌提供 5G 行動電話、光纖寬頻與金融科技生活生態圈。,"3045.TW (台灣大), 4904.TW (遠傳)",2892.0,10.69
半導體封裝測試,1,6857.T,愛德萬測試 (Advantest),株式会社アドバンテスト,Advantest Corporation,半導體與組件測試系統 (Semiconductor & Component Test Systems),71.0,SoC 與記憶體自動化測試設備 (ATE) 71.0% | 機電整合測試分類機與服務 29.0%,全球半導體測試機台龍頭，在 AI/HPC 晶片 (Nvidia GPU / AMD CPU) 測試市占率超 55%，晶圓測試不可或缺。,"3711.TW (日月光投控), 3264.TWO (欣銓), 6257.TW (矽格), 6223.TWO (旺矽)",41190.0,29.74
半導體封裝測試,2,6146.T,迪思科 (DISCO),株式会社ディスコ,DISCO Corporation,晶圓精密切割與研磨裝置 (Precision Processing Equipment),55.0,切割研磨加工裝置 55.0% | 消耗性精密鑽石切割輪與刀具 25.0% | 保養維修服務 20.0%,全球半導體後段切割機 (Dicer) 與研磨機 (Grinder) 絕對壟斷霸主，市占率超 70%，先進封裝 CoWoS 必備工具。,"3711.TW (日月光投控), 6271.TW (同欣電), 2441.TW (超豐)",63100.0,6.84
矽晶圓與半導體材料,1,4063.T,信越化學 (Shin-Etsu Chemical),信越化学工業株式会社,"Shin-Etsu Chemical Co., Ltd.",高純度半導體矽晶圓 (Semiconductor Silicon Wafers),42.0,半導體單晶矽晶圓 42.0% | 基礎化學品 (PVC/苛性鈉) 32.0% | 電子功能材料 (光阻/石英) 17.0% | 矽利光 9.0%,全球第一大半導體矽晶圓製造商（全球市占逾 30%），兼具高階 EUV 光阻劑、光罩合成石英與有機矽全球領先地位。,"6488.TWO (環球晶), 5483.TWO (中美晶), 3532.TW (台勝科)",6237.0,11.32
矽晶圓與半導體材料,2,3436.T,勝高 (SUMCO),株式会社SUMCO,SUMCO Corporation,高純度單晶半導體矽晶圓 (Polished & Epitaxial Silicon Wafers),100.0,12吋 (300mm) 與 8吋 (200mm) 磊晶矽晶圓 100.0%,全球第二大半導體矽晶圓製造商（全球市占約 25%），由住友金屬與三菱材料合資，台勝科 (3532) 為其在台合資子公司。,"3532.TW (台勝科), 6488.TWO (環球晶), 5483.TWO (中美晶)",3656.0,1.28
ABF載板與高階PCB,1,4062.T,揖斐電 (Ibiden),イビデン株式会社,"Ibiden Co., Ltd.",高階 FC-BGA / ABF 覆晶封裝載板 (IC Packaging Substrates),57.0,電子事業 (FC-BGA/ABF載板) 57.0% | 陶瓷事業 (DPF/SiC) 30.0% | 其他事業 13.0%,全球第一大 ABF 覆晶載板供應商，Intel、AMD 與 Nvidia 伺服器 CPU/GPU 核心載板技術引領者。,"3037.TW (欣興), 3189.TW (景碩), 8046.TW (南電), 2368.TW (金像電)",12205.0,6.86
ABF載板與高階PCB,2,6787.T,名幸電子 (Meiko Electronics),株式会社メイコー,"Meiko Electronics Co., Ltd.",高密度互連 (HDI) 與高階車用/伺服器多層印刷電路板,95.0,高階車載印刷電路板 45.0% | 通訊與伺服器高多層板 30.0% | 智慧型手機任意層 (Any-Layer HDI) 20.0% | 其他 5.0%,日本最大的高階 HDI 與車用印刷電路板龍頭（原新光電氣 6967 被 JIC 私有化後之日股 PCB 代表），在 AI 伺服器高多層板與車用電子覆蓋極廣。,"2368.TW (金像電), 3037.TW (欣興), 3044.TW (健鼎), 6269.TW (台郡)",26150.0,0.67
記憶體晶片與模組,1,285A.T,鎧俠 (Kioxia Holdings),キオクシアホールディングス株式会社,Kioxia Holdings Corporation,NAND 快閃記憶體與 SSD 固態硬碟 (NAND Flash & SSD),95.0,快閃記憶體與儲存裝置 (BiCS FLASH™) 95.0% | 其他儲存周邊 5.0%,日本最大、全球前三大 NAND Flash 快閃記憶體製造廠（原東芝記憶體 Toshiba Memory），與美商威騰 (WD) 合作晶圓廠。,"3260.TWO (威剛), 3006.TW (晶豪科), 8299.TWO (群聯), 2344.TW (華邦電)",18870.0,30.15
記憶體晶片與模組,2,6963.T,羅姆半導體 (ROHM),ローム株式会社,"ROHM Co., Ltd.",儲存控制 LSI 與類比電源 IC (Memory Controller & Power LSI),45.0,積體電路 LSI 45.0% | 半導體元件 (電晶體/二極體/SiC) 40.0% | 模組與光學 15.0%,日本車用與記憶體週邊控制 IC 大廠，積極布局第三代半導體 SiC (碳化矽) 與記憶體電源控制元件。,"3006.TW (晶豪科), 3260.TWO (威剛), 2408.TW (南亞科)",5350.0,2.07
AI伺服器與ODM代工,1,6501.T,日立製作所 (Hitachi),株式会社日立製作所,"Hitachi, Ltd.",數位系統與伺服器解決方案 (Digital Systems & Services / Lumada),27.0,數位系統與雲端IT (Hitachi Vantara) 27.0% | 綠色能源與電網 32.0% | 連接產業與智慧製造 35.0% | 其他 6.0%,日本最大的綜合電機與 IT 解決方案跨國巨頭，旗下 Hitachi Vantara 提供企業級高效能儲存與 AI 伺服器架構。,"2382.TW (廣達), 2317.TW (鴻海), 6669.TW (緯穎), 2356.TW (英業達)",5686.0,25.39
AI伺服器與ODM代工,2,6702.T,富士通 (Fujitsu),富士通株式会社,Fujitsu Limited,企業 IT 服務與伺服器系統 (Service & Hardware Solutions),68.0,服務解決方案 (雲端/SI) 68.0% | 硬體解決方案 (PRIMERGY 伺服器/儲存) 25.0% | 個人電腦與終端 7.0%,日本最大的伺服器與超級電腦製造商（打造日本富岳 Fugaku 超算與 PRIMERGY 企業 AI 伺服器）。,"2353.TW (宏碁), 2356.TW (英業達), 2324.TW (仁寶), 3231.TW (緯創)",4053.0,7.01
銅箔基板 (CCL),1,6752.T,松下 (Panasonic Holdings),パナソニック ホールディングス株式会社,Panasonic Holdings Corporation,Megtron 系列超低損耗高頻高速銅箔基板 (Low Loss CCL),15.0,產業材料元件 (含 Megtron 6/7/8 CCL) 15.0% | 生活能源與車用電池 20.0% | 汽車座艙 18.0% | 電氣家電 40.0% | 聯網方案 7.0%,旗下 Panasonic Industry 為全球 AI 伺服器、5G 通訊頂級超低損耗 CCL 規格制定者與領導者。,"2383.TW (台光電), 6274.TWO (台燿), 6213.TW (聯茂)",4683.0,10.93
銅箔基板 (CCL),2,3110.T,日東紡績 (Nittobo),日東紡績株式会社,"Nittobo Co., Ltd.",極低介電 (Low-Dk / Low-CTE) 高階玻璃纖維布 (Glass Cloth for CCL),42.0,電子材料玻纖布 (Low-Dk 布) 42.0% | 玻璃纖維工業製品 30.0% | 複合材料與化學 28.0%,全球高階 AI 伺服器銅箔基板 (CCL) 所需之 Low-Dk 玻璃纖維紗布壟斷龍頭，市占率高達 80% 以上。,"1815.TW (富喬), 2383.TW (台光電), 6274.TWO (台燿)",3405.0,0.62
半導體設備,1,8035.T,東京威力科創 (Tokyo Electron),東京エレクトロン株式会社,Tokyo Electron Limited (TEL),半導體前段製造裝置 (Semiconductor Production Equipment),98.0,半導體製造裝置 (塗布顯影機/蝕刻機/熱處理) 98.0% | 平面顯示器製造裝置 2.0%,全球前三大、日本最大半導體設備商，極紫外光 (EUV) 塗布顯影機 (Coater/Developer) 全球市占達 88%。,"3131.TWO (弘塑), 3583.TW (辛耘), 3680.TWO (家登)",12650.0,28.73
半導體設備,2,7735.T,斯克林 (SCREEN Holdings),株式会社SCREENホールディングス,"SCREEN Holdings Co., Ltd.",晶圓化學清洗設備 (Wafer Cleaning Equipment),83.0,半導體製造裝置 (單晶圓與批次清洗機) 83.0% | 印刷繪圖設備 10.0% | 顯示器製造裝置 7.0%,全球半導體單晶圓與批式濕式清洗機絕對霸主，全球市占率超 45%，先進製程晶圓清洗必備。,"3583.TW (辛耘), 3131.TWO (弘塑), 6187.TWO (萬潤)",15885.0,3.0
被動元件,1,6981.T,村田製作所 (Murata),株式会社村田製作所,"Murata Manufacturing Co., Ltd.",積層陶瓷電容器 (Multilayer Ceramic Capacitors / MLCC),45.0,電容器 (MLCC) 45.0% | 高頻通訊模組 28.0% | 電感器與感測器 18.0% | 功能模組 9.0%,全球第一大被動元件製造商，全球 MLCC 綜合市占約 40%，車規級與高階智慧型手機 MLCC 領頭羊。,"2327.TW (國巨), 2492.TW (華新科), 6173.TWO (信昌電)",8834.0,16.01
被動元件,2,6762.T,TDK,TDK株式会社,TDK Corporation,能源二次電池與被動元件 (Energy Devices & Passive Components),52.0,能源應用製品 (ATL二次電池) 52.0% | 被動元件 (陶瓷電容/電感/鐵氧體) 28.0% | 磁性應用 11.0% | 感測器 9.0%,全球電子零組件巨頭，在電感、磁珠材料與智慧型手機鋰電池 (ATL) 領域位居全球前列。,"2327.TW (國巨), 2456.TW (奇力新/國巨), 3042.TW (晶技)",3483.0,6.61
散熱與機殼模組,1,6594.T,尼得科 (Nidec),ニデック株式会社 (旧日本電産),Nidec Corporation,精密伺服器風扇與水冷冷卻分配單元 (CDU / Cooling Systems),25.0,精密小型小型馬達與散熱模組 25.0% | 車載事業 (牽引電機) 26.0% | 家電與工業機電 35.0% | 機器設備 14.0%,全球無刷精密馬達龍頭，獲 Supermicro / AI 伺服器水冷 CDU (Cooling Distribution Unit) 與水冷板巨量訂單。,"3017.TW (奇鋐), 3324.TWO (雙鴻), 2421.TW (建準), 3653.TW (健策)",2193.0,2.52
散熱與機殼模組,2,6479.T,美蓓亞三美 (MinebeaMitsumi),ミネベアミツミ株式会社,MinebeaMitsumi Inc.,微型滾珠軸承與伺服器冷卻風扇 (Miniature Bearings & Cooling Fans),35.0,精密機械組件 (微型滾珠軸承) 35.0% | 半導體與電子元件 (三美) 40.0% | 汽車與光學部件 25.0%,全球外徑 22mm 以下微型軸承市占超 60%，高效能伺服器散熱風扇與電機精密元件龍頭。,"2421.TW (建準), 3017.TW (奇鋐), 1582.TW (辛耘)",3882.0,1.56
航運與海運物流,1,9101.T,日本郵船 (NYK Line),日本郵船株式会社,Nippon Yusen Kabushiki Kaisha,不定期散裝/專用船與定期貨櫃船 (Bulk Shipping & Liner / ONE),45.0,不定期專用船 (汽車船/LNG/散裝) 45.0% | 定期貨櫃船 (ONE 合資利益) 30.0% | 郵船航空海運物流 22.0% | 其他 3.0%,日本第一大海運集團，與商船三井、川崎汽船合資成立全球領先貨櫃航運聯盟巨頭 ONE (Ocean Network Express)。,"2603.TW (長榮), 2609.TW (陽明), 2615.TW (萬海), 2605.TW (新興)",7057.0,2.85
航運與海運物流,2,9104.T,商船三井 (MOL),株式会社商船三井,"Mitsui O.S.K. Lines, Ltd.",能源專用船與定期貨櫃船 (Energy Transport & Liner / ONE),35.0,能源與專用船 (LNG/油輪/汽車船) 35.0% | 定期貨櫃船 (ONE) 28.0% | 乾散裝船 25.0% | 海洋事業與物流 12.0%,日本第二大海運巨頭，在全球 LNG 運輸船與汽車專用運輸船領域市占處於全球頂尖梯隊。,"2603.TW (長榮), 2609.TW (陽明), 2606.TW (裕民)",7085.0,2.43
汽車與整車製造,1,7203.T,豐田汽車 (Toyota Motor),トヨタ自動車株式会社,Toyota Motor Corporation,四輪整車與汽車零組件製造銷售 (Automotive Sales),90.0,汽車製造銷售 (Toyota / Lexus) 90.0% | 金融服務 (汽車租賃分期) 8.0% | 其他 2.0%,全球新車銷量冠軍，日本市值最高之超級跨國巨頭，引領油電混合 (HEV)、純電 (BEV) 與氫能源車載發展。,"2207.TW (和泰車), 2201.TW (裕隆), 2204.TW (中華)",2927.0,34.66
汽車與整車製造,2,7267.T,本田技研 (Honda Motor),本田技研工業株式会社,"Honda Motor Co., Ltd.",四輪乘用車與二輪摩托車 (Automobiles & Motorcycles),65.0,四輪汽車事業 65.0% | 二輪摩托車事業 15.0% | 金融服務事業 16.0% | 動力產品與其他 4.0%,全球摩托車第一大廠，也是全球主要乘用車與通用動力機械製造商，加速推進車用電氣化。,"2207.TW (和泰車), 2201.TW (裕隆), 1319.TW (東陽)",1687.5,6.57
金控-銀行型,1,8306.T,三菱日聯金融集團 (MUFG),株式会社三菱UFJフィナンシャル・グループ,"Mitsubishi UFJ Financial Group, Inc.",企業法人金融與國際商業銀行業務 (Corporate & Global Banking),35.0,法人企業與投資銀行 35.0% | 國際商業銀行 (含持股摩根士丹利) 30.0% | 個人零售金融 25.0% | 資產管理與信託 10.0%,日本最大的綜合金融控股集團（三大メガバンク之首），總資產規模全球前十大。,"2881.TW (富邦金), 2882.TW (國泰金), 2891.TW (中信金), 2886.TW (兆豐金)",3641.0,40.98
金控-銀行型,2,8316.T,三井住友金融集團 (SMFG),株式会社三井住友フィナンシャルグループ,"Sumitomo Mitsui Financial Group, Inc.",大型法人批發金融與零售銀行 (Wholesale & Retail Banking),38.0,批發企業金融 (Wholesale) 38.0% | 全球國際金融 (Global) 28.0% | 個人零售業務 (Retail) 22.0% | 市場運作 12.0%,日本第二大綜合金融集團，核心為三井住友銀行 (SMBC)，海外併購與亞洲市場投資布局積極。,"2881.TW (富邦金), 2882.TW (國泰金), 2891.TW (中信金), 2884.TW (玉山金)",3396.0,25.75
光學鏡頭與元件,1,6758.T,索尼集團 (Sony Group),ソニーグループ株式会社,Sony Group Corporation,CMOS 影像感測器 (Imaging & Sensing Solutions / CIS),15.0,遊戲與網絡服務 (PS5) 32.0% | 音樂娛樂 16.0% | 影像感測器 (CIS) 15.0% | 娛樂技術與相機 15.0% | 金融服務 14.0% | 電影 8.0%,全球 CMOS 影像感測器 (CIS) 絕對霸主（全球市占率超 52%），Apple iPhone 與旗艦手機感測器主要供應商。,"3008.TW (大立光), 3406.TW (玉晶光), 6271.TW (同欣電)",3767.0,22.02
光學鏡頭與元件,2,7751.T,佳能 (Canon),キヤノン株式会社,Canon Inc.,辦公室事務機與半導體奈米壓印曝光機 (Printing & Semiconductor Equipment),54.0,印刷事務機 (Printing) 54.0% | 影像相機光學系統 (Imaging) 19.0% | 醫療影像設備 (Medical) 13.0% | 半導體曝光機 (Industrial) 10.0% | 其他 4.0%,全球光學影像與相機領導品牌，近年推出奈米壓印 (NIL) 半導體曝光機，挑戰 ASML 光刻機獨佔地位。,"3008.TW (大立光), 2374.TW (佳能), 3406.TW (玉晶光)",4618.0,3.85
