群組,模型,配對,代號,獲利因子,夏普比率,報酬率(%),交易次數
大宗商品,卡爾曼濾波,黃金 vs GLD,GC=F vs GLD,8.62,1.22,477.25,197
全球股權指數與大型ETF,卡爾曼濾波,QQQ vs 富邦台50 | 國內被動式 股票 ETF,QQQ vs 006208.TW,9.08,1.15,152.01,151
全球股權指數與大型ETF,卡爾曼濾波,QQQ vs 元大台灣50 | 國內被動式 股票 ETF,QQQ vs 0050.TW,5.3,0.89,114.09,165
全球股權指數與大型ETF,卡爾曼濾波,SPY vs 富邦台50 | 國內被動式 股票 ETF,SPY vs 006208.TW,4.79,0.88,137.48,167
全球股權指數與大型ETF,卡爾曼濾波,SPY vs 元大台灣50 | 國內被動式 股票 ETF,SPY vs 0050.TW,4.35,0.59,74.83,126
全球股權指數與大型ETF,卡爾曼濾波,VTI vs 富邦台50 | 國內被動式 股票 ETF,VTI vs 006208.TW,5.98,0.55,84.78,138
全球股權指數與大型ETF,卡爾曼濾波,IWM vs 富邦台50 | 國內被動式 股票 ETF,IWM vs 006208.TW,4.61,0.51,87.97,131
全球股權指數與大型ETF,卡爾曼濾波,DIA vs 富邦台50 | 國內被動式 股票 ETF,DIA vs 006208.TW,2.89,0.41,66.58,111
全球股權指數與大型ETF,卡爾曼濾波,VTI vs 元大台灣50 | 國內被動式 股票 ETF,VTI vs 0050.TW,3.69,0.39,41.35,115
全球股權指數與大型ETF,卡爾曼濾波,IWM vs 元大台灣50 | 國內被動式 股票 ETF,IWM vs 0050.TW,3.06,0.36,42.02,116
全球股權指數與大型ETF,卡爾曼濾波,DIA vs 元大台灣50 | 國內被動式 股票 ETF,DIA vs 0050.TW,2.72,0.35,53.79,123
全球股權指數與大型ETF,卡爾曼濾波,SP500 vs 富邦台50 | 國內被動式 股票 ETF,ES=F vs 006208.TW,1.72,0.28,307.72,170
大宗商品,卡爾曼濾波,黃金 vs 銅,GC=F vs HG=F,1.24,0.1,59.81,172
大宗商品,卡爾曼濾波,黃金 vs 白銀,GC=F vs SI=F,1.28,0.09,67.59,165
大宗商品,Z-Score,黃金 vs 銅,GC=F vs HG=F,1.38,0.06,36.41,27
全球股權指數與大型ETF,卡爾曼濾波,SP500 vs 元大台灣50 | 國內被動式 股票 ETF,ES=F vs 0050.TW,1.03,-0.03,4.21,53
大宗商品,Z-Score,黃金 vs 原油,GC=F vs CL=F,0.98,-0.05,-1.48,12
全球股權指數與大型ETF,Z-Score,SP500 vs 元大台灣50 | 國內被動式 股票 ETF,ES=F vs 0050.TW,1.07,-0.1,2.24,8
全球股權指數與大型ETF,Z-Score,SP500 vs 主動統一台股增長 | 國內主動式 股票 ETF,ES=F vs 00981A.TW,0.89,-0.1,-9.16,8
全球股權指數與大型ETF,卡爾曼濾波,DIA vs IWM,DIA vs IWM,1.15,-0.1,6.51,154
全球股權指數與大型ETF,Z-Score,DIA vs IWM,DIA vs IWM,1.06,-0.12,1.4,40
大宗商品,Z-Score,黃金 vs USO,GC=F vs USO,0.32,-0.15,-56.61,6
全球股權指數與大型ETF,卡爾曼濾波,IWM vs 主動統一台股增長 | 國內主動式 股票 ETF,IWM vs 00981A.TW,1.25,-0.15,4.88,131
全球股權指數與大型ETF,卡爾曼濾波,QQQ vs IWM,QQQ vs IWM,0.95,-0.17,-7.8,156
全球股權指數與大型ETF,卡爾曼濾波,QQQ vs 主動統一台股增長 | 國內主動式 股票 ETF,QQQ vs 00981A.TW,1.0,-0.19,-4.34,160
全球股權指數與大型ETF,卡爾曼濾波,IWM vs VTI,IWM vs VTI,0.86,-0.23,-14.51,157
全球股權指數與大型ETF,卡爾曼濾波,SPY vs DIA,SPY vs DIA,0.94,-0.24,-9.3,144
大宗商品,Z-Score,GLD vs USO,GLD vs USO,0.55,-0.24,-13.36,12
全球股權指數與大型ETF,卡爾曼濾波,DIA vs 主動統一台股增長 | 國內主動式 股票 ETF,DIA vs 00981A.TW,0.94,-0.28,-7.09,155
大宗商品,卡爾曼濾波,黃金 vs 原油,GC=F vs CL=F,0.47,-0.29,-40.61,29
大宗商品,卡爾曼濾波,黃金 vs USO,GC=F vs USO,0.48,-0.3,-44.64,26
全球股權指數與大型ETF,卡爾曼濾波,SPY vs 主動統一台股增長 | 國內主動式 股票 ETF,SPY vs 00981A.TW,0.83,-0.32,-15.8,148
全球股權指數與大型ETF,卡爾曼濾波,QQQ vs DIA,QQQ vs DIA,0.75,-0.33,-14.0,117
全球股權指數與大型ETF,卡爾曼濾波,SPY vs IWM,SPY vs IWM,0.76,-0.33,-23.58,164
大宗商品,卡爾曼濾波,GLD vs USO,GLD vs USO,0.46,-0.36,-62.9,121
全球股權指數與大型ETF,卡爾曼濾波,VTI vs 主動統一台股增長 | 國內主動式 股票 ETF,VTI vs 00981A.TW,0.91,-0.37,-7.75,146
大宗商品,Z-Score,白銀 vs USO,SI=F vs USO,0.5,-0.37,-7.73,13
大宗商品,Z-Score,白銀 vs 原油,SI=F vs CL=F,0.51,-0.38,-6.95,9
全球股權指數與大型ETF,卡爾曼濾波,SPY vs QQQ,SPY vs QQQ,0.69,-0.4,-19.57,134
全球股權指數與大型ETF,卡爾曼濾波,元大台灣50 | 國內被動式 股票 ETF vs 富邦台50 | 國內被動式 股票 ETF,0050.TW vs 006208.TW,4.94,-0.45,7.12,151
不動產ETF,卡爾曼濾波,VNQ vs 復華富時不動產 | 國內被動式 不動產 ETF,VNQ vs 00712.TW,1.89,-0.51,4.3,159
全球股權指數與大型ETF,卡爾曼濾波,DIA vs VTI,DIA vs VTI,0.76,-0.52,-15.83,162
大宗商品,Z-Score,銅 vs USO,HG=F vs USO,0.35,-0.53,-7.11,12
全球股權指數與大型ETF,卡爾曼濾波,SP500 vs 主動統一台股增長 | 國內主動式 股票 ETF,ES=F vs 00981A.TW,0.17,-0.54,-46.14,8
全球股權指數與大型ETF,卡爾曼濾波,QQQ vs VTI,QQQ vs VTI,0.58,-0.58,-25.81,130
全球股權指數與大型ETF,Z-Score,SP500 vs 富邦台50 | 國內被動式 股票 ETF,ES=F vs 006208.TW,0.02,-0.58,-38.23,3
大宗商品,Z-Score,原油 vs USO,CL=F vs USO,1.31,-0.59,0.79,8
大宗商品,Z-Score,銅 vs GLD,HG=F vs GLD,0.82,-0.66,-3.84,28
全球股權指數與大型ETF,Z-Score,SPY vs 元大台灣50 | 國內被動式 股票 ETF,SPY vs 0050.TW,2.08,-0.67,2.56,8
大宗商品,Z-Score,黃金 vs GLD,GC=F vs GLD,61.37,-0.7,4.55,4
全球股權指數與大型ETF,Z-Score,SPY vs 富邦台50 | 國內被動式 股票 ETF,SPY vs 006208.TW,2.22,-0.79,2.42,7
大宗商品,Z-Score,銅 vs 原油,HG=F vs CL=F,0.58,-0.79,-2.61,9
大宗商品,卡爾曼濾波,白銀 vs USO,SI=F vs USO,0.41,-0.83,-3.23,10
全球股權指數與大型ETF,Z-Score,DIA vs 富邦台50 | 國內被動式 股票 ETF,DIA vs 006208.TW,2.8,-0.9,2.76,6
全球股權指數與大型ETF,Z-Score,DIA vs 元大台灣50 | 國內被動式 股票 ETF,DIA vs 0050.TW,2.28,-0.95,1.99,6
大宗商品,卡爾曼濾波,銅 vs USO,HG=F vs USO,0.34,-0.98,-5.89,20
全球股權指數與大型ETF,Z-Score,SPY vs 主動統一台股增長 | 國內主動式 股票 ETF,SPY vs 00981A.TW,1.4,-1.08,0.71,5
全球股權指數與大型ETF,Z-Score,QQQ vs 主動統一台股增長 | 國內主動式 股票 ETF,QQQ vs 00981A.TW,0.65,-1.13,-1.31,6
全球股權指數與大型ETF,Z-Score,DIA vs 主動統一台股增長 | 國內主動式 股票 ETF,DIA vs 00981A.TW,1.47,-1.21,0.63,4
全球股權指數與大型ETF,Z-Score,SPY vs VTI,SPY vs VTI,0.83,-1.23,-2.24,79
大宗商品,卡爾曼濾波,原油 vs GLD,CL=F vs GLD,0.16,-1.32,-3.18,2
全球股權指數與大型ETF,卡爾曼濾波,富邦台50 | 國內被動式 股票 ETF vs 主動統一台股增長 | 國內主動式 股票 ETF,006208.TW vs 00981A.TW,0.35,-1.36,-16.87,140
大宗商品,卡爾曼濾波,銅 vs GLD,HG=F vs GLD,1.06,-1.46,-0.67,12
大宗商品,Z-Score,黃金 vs 白銀,GC=F vs SI=F,0.0,-1.71,-3.42,1
全球股權指數與大型ETF,卡爾曼濾波,SPY vs VTI,SPY vs VTI,1.1,-1.85,-1.3,153
外匯貨幣對,Z-Score,美元日圓 vs 紐幣美元,USDJPY=X vs NZDUSD=X,1.78,-1.86,0.18,12
大宗商品,卡爾曼濾波,銅 vs 原油,HG=F vs CL=F,0.4,-1.98,-3.66,21
全球股權指數與大型ETF,卡爾曼濾波,元大台灣50 | 國內被動式 股票 ETF vs 主動統一台股增長 | 國內主動式 股票 ETF,0050.TW vs 00981A.TW,0.44,-2.01,-5.79,112
全球股權指數與大型ETF,Z-Score,VTI vs 主動統一台股增長 | 國內主動式 股票 ETF,VTI vs 00981A.TW,1.32,-2.1,0.23,5
大宗商品,Z-Score,原油 vs GLD,CL=F vs GLD,0.49,-2.31,-0.67,2
全球股權指數與大型ETF,Z-Score,VTI vs 元大台灣50 | 國內被動式 股票 ETF,VTI vs 0050.TW,1.53,-2.38,0.43,7
大宗商品,卡爾曼濾波,白銀 vs 原油,SI=F vs CL=F,0.49,-2.82,-0.54,2
全球股權指數與大型ETF,Z-Score,VTI vs 富邦台50 | 國內被動式 股票 ETF,VTI vs 006208.TW,0.88,-2.94,-0.22,6
全球股權指數與大型ETF,Z-Score,QQQ vs 元大台灣50 | 國內被動式 股票 ETF,QQQ vs 0050.TW,1.11,-2.98,0.01,2
全球股權指數與大型ETF,Z-Score,元大台灣50 | 國內被動式 股票 ETF vs 富邦台50 | 國內被動式 股票 ETF,0050.TW vs 006208.TW,39.9,-2.99,2.37,23
全球股權指數與大型ETF,Z-Score,DIA vs VTI,DIA vs VTI,0.0,-3.45,-0.68,3
全球股權指數與大型ETF,Z-Score,IWM vs 元大台灣50 | 國內被動式 股票 ETF,IWM vs 0050.TW,1.75,-3.54,0.31,3
全球股權指數與大型ETF,Z-Score,QQQ vs 富邦台50 | 國內被動式 股票 ETF,QQQ vs 006208.TW,0.96,-3.65,-0.06,2
大宗商品,Z-Score,白銀 vs 銅,SI=F vs HG=F,0.58,-3.75,-0.69,10
全球股權指數與大型ETF,Z-Score,IWM vs 富邦台50 | 國內被動式 股票 ETF,IWM vs 006208.TW,1.34,-3.87,0.14,3
全球股權指數與大型ETF,Z-Score,QQQ vs DIA,QQQ vs DIA,0.0,-4.23,-1.78,1
全球股權指數與大型ETF,Z-Score,SPY vs DIA,SPY vs DIA,0.19,-5.59,-1.04,4
大宗商品,卡爾曼濾波,白銀 vs 銅,SI=F vs HG=F,0.47,-7.0,-0.77,16
全球股權指數與大型ETF,Z-Score,QQQ vs IWM,QQQ vs IWM,0.0,-7.41,-0.69,1
全球股權指數與大型ETF,Z-Score,IWM vs 主動統一台股增長 | 國內主動式 股票 ETF,IWM vs 00981A.TW,0.36,-9.97,-0.31,3
全球股權指數與大型ETF,Z-Score,SPY vs QQQ,SPY vs QQQ,0.0,-10.13,-0.7,1
全球股權指數與大型ETF,Z-Score,QQQ vs VTI,QQQ vs VTI,0.0,-11.59,-0.44,1
外匯貨幣對,卡爾曼濾波,美元日圓 vs 紐幣美元,USDJPY=X vs NZDUSD=X,0.0,-13.75,-0.57,2
大宗商品,卡爾曼濾波,原油 vs USO,CL=F vs USO,0.0,-13.99,-0.37,1
大宗商品,Z-Score,白銀 vs GLD,SI=F vs GLD,0.0,-16.59,-0.32,1
大宗商品,卡爾曼濾波,白銀 vs GLD,SI=F vs GLD,0.0,-16.59,-0.32,1
不動產ETF,Z-Score,VNQ vs 復華富時不動產 | 國內被動式 不動產 ETF,VNQ vs 00712.TW,0.21,-23.38,-0.16,2
外匯貨幣對,Z-Score,歐元美元 vs 美元日圓,EURUSD=X vs USDJPY=X,0.0,-23.69,-0.35,2
外匯貨幣對,卡爾曼濾波,美元日圓 vs 澳幣美元,USDJPY=X vs AUDUSD=X,0.0,-23.86,-0.12,2
全球股權指數與大型ETF,Z-Score,SPY vs IWM,SPY vs IWM,0.0,-30.61,-0.17,1
外匯貨幣對,Z-Score,美元日圓 vs 澳幣美元,USDJPY=X vs AUDUSD=X,1.46,-33.07,-0.03,2
全球股權指數與大型ETF,Z-Score,富邦台50 | 國內被動式 股票 ETF vs 主動統一台股增長 | 國內主動式 股票 ETF,006208.TW vs 00981A.TW,0.0,-55.31,-0.1,1
全球股權指數與大型ETF,Z-Score,IWM vs VTI,IWM vs VTI,0.0,-68.54,-0.08,1
外匯貨幣對,Z-Score,澳幣美元 vs 紐幣美元,AUDUSD=X vs NZDUSD=X,0.0,-82.62,-0.39,32
外匯貨幣對,Z-Score,英鎊美元 vs 紐幣美元,GBPUSD=X vs NZDUSD=X,0.0,-88.82,-0.18,9
外匯貨幣對,卡爾曼濾波,歐元美元 vs 英鎊美元,EURUSD=X vs GBPUSD=X,0.0,-94.85,-0.07,1
外匯貨幣對,卡爾曼濾波,歐元美元 vs 美元日圓,EURUSD=X vs USDJPY=X,0.0,-95.53,-0.11,1
外匯貨幣對,卡爾曼濾波,歐元美元 vs 紐幣美元,EURUSD=X vs NZDUSD=X,0.0,-102.06,-0.05,1
外匯貨幣對,Z-Score,歐元美元 vs 紐幣美元,EURUSD=X vs NZDUSD=X,0.0,-102.09,-0.05,1
外匯貨幣對,Z-Score,歐元美元 vs 英鎊美元,EURUSD=X vs GBPUSD=X,0.0,-127.29,-0.07,1
外匯貨幣對,卡爾曼濾波,歐元美元 vs 澳幣美元,EURUSD=X vs AUDUSD=X,0.0,-136.39,-0.06,2
外匯貨幣對,Z-Score,歐元美元 vs 澳幣美元,EURUSD=X vs AUDUSD=X,0.0,-136.39,-0.06,2
外匯貨幣對,卡爾曼濾波,澳幣美元 vs 紐幣美元,AUDUSD=X vs NZDUSD=X,0.0,-140.51,-0.1,8
全球股權指數與大型ETF,Z-Score,元大台灣50 | 國內被動式 股票 ETF vs 主動統一台股增長 | 國內主動式 股票 ETF,0050.TW vs 00981A.TW,0.0,-219.37,-0.03,1
外匯貨幣對,卡爾曼濾波,英鎊美元 vs 紐幣美元,GBPUSD=X vs NZDUSD=X,0.0,-263.36,-0.02,1
外匯貨幣對,Z-Score,英鎊美元 vs 澳幣美元,GBPUSD=X vs AUDUSD=X,0.0,-487.99,-0.02,1
外匯貨幣對,卡爾曼濾波,英鎊美元 vs 澳幣美元,GBPUSD=X vs AUDUSD=X,0.0,-487.99,-0.02,1
外匯貨幣對,卡爾曼濾波,美元日圓 vs 英鎊美元,USDJPY=X vs GBPUSD=X,0.0,-515.26,-0.04,1
外匯貨幣對,Z-Score,美元日圓 vs 英鎊美元,USDJPY=X vs GBPUSD=X,0.0,-515.26,-0.04,1
