股票期貨、 選擇權 商品代碼,標的證券,證券代號,標的證券 簡稱,是否為 股票期貨 標的,是否為 股票選擇權 標的,是否為 股票選擇權週契約 標的,上市普通股 標的證券,上櫃普通股 標的證券,上市ETF 標的證券,上櫃ETF 標的證券,標準型證 券股數/ 受益權單位,一般交易時段 交易時間 (期貨、選擇權契約),盤後交易時段 交易時間 (期貨契約)
CA,南亞塑膠工業股份有限公司,1303,南亞,●  是股票期貨標的,●  是股票選擇權標的,●  是股票選擇權週契約標的,◎  是上市普通股標的證券,,,,2000.0,8:45~13:45,-
CB,中國鋼鐵股份有限公司,2002,中鋼,●  是股票期貨標的,●  是股票選擇權標的,,◎  是上市普通股標的證券,,,,2000.0,8:45~13:45,-
CC,聯華電子股份有限公司,2303,聯電,●  是股票期貨標的,●  是股票選擇權標的,●  是股票選擇權週契約標的,◎  是上市普通股標的證券,,,,2000.0,8:45~13:45,17:25~次日05:00
CD,台灣積體電路製造股份有限公司,2330,台積電,●  是股票期貨標的,●  是股票選擇權標的,●  是股票選擇權週契約標的,◎  是上市普通股標的證券,,,,2000.0,8:45~13:45,17:25~次日05:00
CE,富邦金融控股股份有限公司,2881,富邦金,●  是股票期貨標的,●  是股票選擇權標的,,◎  是上市普通股標的證券,,,,2000.0,8:45~13:45,-
CF,台灣塑膠工業股份有限公司,1301,台塑,●  是股票期貨標的,●  是股票選擇權標的,,◎  是上市普通股標的證券,,,,2000.0,8:45~13:45,-
CG,仁寶電腦工業股份有限公司,2324,仁寶,●  是股票期貨標的,●  是股票選擇權標的,,◎  是上市普通股標的證券,,,,2000.0,8:45~13:45,-
CH,友達光電股份有限公司,2409,友達,●  是股票期貨標的,●  是股票選擇權標的,,◎  是上市普通股標的證券,,,,2000.0,8:45~13:45,-
CJ,華南金融控股股份有限公司,2880,華南金,●  是股票期貨標的,,,◎  是上市普通股標的證券,,,,2000.0,8:45~13:45,-
CK,國泰金融控股股份有限公司,2882,國泰金,●  是股票期貨標的,●  是股票選擇權標的,,◎  是上市普通股標的證券,,,,2000.0,8:45~13:45,-
CL,兆豐金融控股股份有限公司,2886,兆豐金,●  是股票期貨標的,,,◎  是上市普通股標的證券,,,,2000.0,8:45~13:45,-
CM,台新新光金融控股股份有限公司,2887,台新新光金,●  是股票期貨標的,●  是股票選擇權標的,,◎  是上市普通股標的證券,,,,2000.0,8:45~13:45,-
CN,中國信託金融控股股份有限公司,2891,中信金,●  是股票期貨標的,●  是股票選擇權標的,,◎  是上市普通股標的證券,,,,2000.0,8:45~13:45,-
CQ,統一企業股份有限公司,1216,統一,●  是股票期貨標的,,,◎  是上市普通股標的證券,,,,2000.0,8:45~13:45,-
CR,遠東新世紀股份有限公司,1402,遠東新,●  是股票期貨標的,,,◎  是上市普通股標的證券,,,,2000.0,8:45~13:45,-
CS,華新麗華股份有限公司,1605,華新,●  是股票期貨標的,●  是股票選擇權標的,,◎  是上市普通股標的證券,,,,2000.0,8:45~13:45,-
CU,中環股份有限公司,2323,中環,●  是股票期貨標的,,,◎  是上市普通股標的證券,,,,2000.0,8:45~13:45,-
CW,佳世達科技股份有限公司,2352,佳世達,●  是股票期貨標的,,,◎  是上市普通股標的證券,,,,2000.0,8:45~13:45,-
CX,大同股份有限公司,2371,大同,●  是股票期貨標的,,,◎  是上市普通股標的證券,,,,2000.0,8:45~13:45,-
CY,南亞科技股份有限公司,2408,南亞科,●  是股票期貨標的,,,◎  是上市普通股標的證券,,,,2000.0,8:45~13:45,-
CZ,長榮海運股份有限公司,2603,長榮,●  是股票期貨標的,●  是股票選擇權標的,●  是股票選擇權週契約標的,◎  是上市普通股標的證券,,,,2000.0,8:45~13:45,-
DA,陽明海運股份有限公司,2609,陽明,●  是股票期貨標的,,,◎  是上市普通股標的證券,,,,2000.0,8:45~13:45,-
DB,中華航空股份有限公司,2610,華航,●  是股票期貨標的,,,◎  是上市普通股標的證券,,,,2000.0,8:45~13:45,-
DC,彰化商業銀行股份有限公司,2801,彰銀,●  是股票期貨標的,,,◎  是上市普通股標的證券,,,,2000.0,8:45~13:45,-
DE,永豐金融控股股份有限公司,2890,永豐金,●  是股票期貨標的,,,◎  是上市普通股標的證券,,,,2000.0,8:45~13:45,-
DF,臺灣水泥股份有限公司,1101,台泥,●  是股票期貨標的,●  是股票選擇權標的,,◎  是上市普通股標的證券,,,,2000.0,8:45~13:45,-
DG,台灣化學纖維股份有限公司,1326,台化,●  是股票期貨標的,●  是股票選擇權標的,,◎  是上市普通股標的證券,,,,2000.0,8:45~13:45,-
DH,鴻海精密工業股份有限公司,2317,鴻海,●  是股票期貨標的,●  是股票選擇權標的,●  是股票選擇權週契約標的,◎  是上市普通股標的證券,,,,2000.0,8:45~13:45,-
DI,旺宏電子股份有限公司,2337,旺宏,●  是股票期貨標的,,,◎  是上市普通股標的證券,,,,2000.0,8:45~13:45,-
DJ,華碩電腦股份有限公司,2357,華碩,●  是股票期貨標的,●  是股票選擇權標的,,◎  是上市普通股標的證券,,,,2000.0,8:45~13:45,-
DK,廣達電腦股份有限公司,2382,廣達,●  是股票期貨標的,●  是股票選擇權標的,,◎  是上市普通股標的證券,,,,2000.0,8:45~13:45,-
DL,中華電信股份有限公司,2412,中華電,●  是股票期貨標的,,,◎  是上市普通股標的證券,,,,2000.0,8:45~13:45,-
DN,玉山金融控股股份有限公司,2884,玉山金,●  是股票期貨標的,,,◎  是上市普通股標的證券,,,,2000.0,8:45~13:45,-
DO,元大金融控股股份有限公司,2885,元大金,●  是股票期貨標的,,,◎  是上市普通股標的證券,,,,2000.0,8:45~13:45,-
DP,第一金融控股股份有限公司,2892,第一金,●  是股票期貨標的,,,◎  是上市普通股標的證券,,,,2000.0,8:45~13:45,-
DQ,群創光電股份有限公司,3481,群創,●  是股票期貨標的,●  是股票選擇權標的,,◎  是上市普通股標的證券,,,,2000.0,8:45~13:45,-
DS,宏碁股份有限公司,2353,宏碁,●  是股票期貨標的,●  是股票選擇權標的,,◎  是上市普通股標的證券,,,,2000.0,8:45~13:45,-
DV,聯發科技股份有限公司,2454,聯發科,●  是股票期貨標的,●  是股票選擇權標的,●  是股票選擇權週契約標的,◎  是上市普通股標的證券,,,,2000.0,8:45~13:45,-
DW,潤泰全球股份有限公司,2915,潤泰全,●  是股票期貨標的,,,◎  是上市普通股標的證券,,,,2000.0,8:45~13:45,-
DX,緯創資通股份有限公司,3231,緯創,●  是股票期貨標的,●  是股票選擇權標的,●  是股票選擇權週契約標的,◎  是上市普通股標的證券,,,,2000.0,8:45~13:45,-
DY,亞洲水泥股份有限公司,1102,亞泥,●  是股票期貨標的,,,◎  是上市普通股標的證券,,,,2000.0,8:45~13:45,-
DZ,大成長城企業股份有限公司,1210,大成,●  是股票期貨標的,,,◎  是上市普通股標的證券,,,,2000.0,8:45~13:45,-
EE,國喬石油化學股份有限公司,1312,國喬,●  是股票期貨標的,,,◎  是上市普通股標的證券,,,,2000.0,8:45~13:45,-
EG,中國石油化學工業開發股份有限公司,1314,中石化,●  是股票期貨標的,,,◎  是上市普通股標的證券,,,,2000.0,8:45~13:45,-
EH,東陽實業廠股份有限公司,1319,東陽,●  是股票期貨標的,,,◎  是上市普通股標的證券,,,,2000.0,8:45~13:45,-
EK,臺南紡織股份有限公司,1440,南紡,●  是股票期貨標的,,,◎  是上市普通股標的證券,,,,2000.0,8:45~13:45,-
EM,東元電機股份有限公司,1504,東元,●  是股票期貨標的,,,◎  是上市普通股標的證券,,,,2000.0,8:45~13:45,-
EO,中國砂輪企業股份有限公司,1560,中砂,●  是股票期貨標的,,,◎  是上市普通股標的證券,,,,2000.0,8:45~13:45,-
EP,亞德客國際集團,1590,亞德客-KY,●  是股票期貨標的,,,◎  是上市普通股標的證券,,,,2000.0,8:45~13:45,-
EY,中國人造纖維股份有限公司,1718,中纖,●  是股票期貨標的,,,◎  是上市普通股標的證券,,,,2000.0,8:45~13:45,-
EZ,台灣肥料股份有限公司,1722,台肥,●  是股票期貨標的,,,◎  是上市普通股標的證券,,,,2000.0,8:45~13:45,-
FB,東和鋼鐵企業股份有限公司,2006,東和鋼鐵,●  是股票期貨標的,,,◎  是上市普通股標的證券,,,,2000.0,8:45~13:45,-
FC,中鴻鋼鐵股份有限公司,2014,中鴻,●  是股票期貨標的,,,◎  是上市普通股標的證券,,,,2000.0,8:45~13:45,-
FE,大成不銹鋼工業股份有限公司,2027,大成鋼,●  是股票期貨標的,,,◎  是上市普通股標的證券,,,,2000.0,8:45~13:45,-
FF,上銀科技股份有限公司,2049,上銀,●  是股票期貨標的,,,◎  是上市普通股標的證券,,,,2000.0,8:45~13:45,-
FG,川湖科技股份有限公司,2059,川湖,●  是股票期貨標的,,,◎  是上市普通股標的證券,,,,2000.0,8:45~13:45,-
FK,正新橡膠工業股份有限公司,2105,正新,●  是股票期貨標的,,,◎  是上市普通股標的證券,,,,2000.0,8:45~13:45,-
FN,裕隆汽車製造股份有限公司,2201,裕隆,●  是股票期貨標的,,,◎  是上市普通股標的證券,,,,2000.0,8:45~13:45,-
FQ,光寶科技股份有限公司,2301,光寶科,●  是股票期貨標的,,,◎  是上市普通股標的證券,,,,2000.0,8:45~13:45,-
FR,台達電子工業股份有限公司,2308,台達電,●  是股票期貨標的,,,◎  是上市普通股標的證券,,,,2000.0,8:45~13:45,-
FS,金寶電子工業股份有限公司,2312,金寶,●  是股票期貨標的,,,◎  是上市普通股標的證券,,,,2000.0,8:45~13:45,-
FT,華通電腦股份有限公司,2313,華通,●  是股票期貨標的,,,◎  是上市普通股標的證券,,,,2000.0,8:45~13:45,-
FV,精英電腦股份有限公司,2331,精英,●  是股票期貨標的,,,◎  是上市普通股標的證券,,,,2000.0,8:45~13:45,-
FW,友訊科技股份有限公司,2332,友訊,●  是股票期貨標的,,,◎  是上市普通股標的證券,,,,2000.0,8:45~13:45,-
FY,台亞半導體股份有限公司,2340,台亞,●  是股票期貨標的,,,◎  是上市普通股標的證券,,,,2000.0,8:45~13:45,-
FZ,華邦電子股份有限公司,2344,華邦電,●  是股票期貨標的,,,◎  是上市普通股標的證券,,,,2000.0,8:45~13:45,-
GA,聯強國際股份有限公司,2347,聯強,●  是股票期貨標的,,,◎  是上市普通股標的證券,,,,2000.0,8:45~13:45,-
GC,鴻準精密工業股份有限公司,2354,鴻準,●  是股票期貨標的,,,◎  是上市普通股標的證券,,,,2000.0,8:45~13:45,-
GH,技嘉科技股份有限公司,2376,技嘉,●  是股票期貨標的,,,◎  是上市普通股標的證券,,,,2000.0,8:45~13:45,-
GI,微星科技股份有限公司,2377,微星,●  是股票期貨標的,●  是股票選擇權標的,,◎  是上市普通股標的證券,,,,2000.0,8:45~13:45,-
GJ,瑞昱半導體股份有限公司,2379,瑞昱,●  是股票期貨標的,,,◎  是上市普通股標的證券,,,,2000.0,8:45~13:45,-
GK,群光電子股份有限公司,2385,群光,●  是股票期貨標的,,,◎  是上市普通股標的證券,,,,2000.0,8:45~13:45,-
GL,正崴精密工業股份有限公司,2392,正崴,●  是股票期貨標的,,,◎  是上市普通股標的證券,,,,2000.0,8:45~13:45,-
GM,億光電子工業股份有限公司,2393,億光,●  是股票期貨標的,,,◎  是上市普通股標的證券,,,,2000.0,8:45~13:45,-
GN,凌陽科技股份有限公司,2401,凌陽,●  是股票期貨標的,,,◎  是上市普通股標的證券,,,,2000.0,8:45~13:45,-
GO,漢唐集成股份有限公司,2404,漢唐,●  是股票期貨標的,,,◎  是上市普通股標的證券,,,,2000.0,8:45~13:45,-
GR,京元電子股份有限公司,2449,京元電子,●  是股票期貨標的,,,◎  是上市普通股標的證券,,,,2000.0,8:45~13:45,-
GU,全新光電科技股份有限公司,2455,全新,●  是股票期貨標的,,,◎  是上市普通股標的證券,,,,2000.0,8:45~13:45,-
GV,飛宏科技股份有限公司,2457,飛宏,●  是股票期貨標的,,,◎  是上市普通股標的證券,,,,2000.0,8:45~13:45,-
GW,義隆電子股份有限公司,2458,義隆,●  是股票期貨標的,,,◎  是上市普通股標的證券,,,,2000.0,8:45~13:45,-
GX,可成科技股份有限公司,2474,可成,●  是股票期貨標的,●  是股票選擇權標的,,◎  是上市普通股標的證券,,,,2000.0,8:45~13:45,-
GY,強茂股份有限公司,2481,強茂,●  是股票期貨標的,,,◎  是上市普通股標的證券,,,,2000.0,8:45~13:45,-
GZ,兆赫電子股份有限公司,2485,兆赫,●  是股票期貨標的,,,◎  是上市普通股標的證券,,,,2000.0,8:45~13:45,-
HA,瑞軒科技股份有限公司,2489,瑞軒,●  是股票期貨標的,,,◎  是上市普通股標的證券,,,,2000.0,8:45~13:45,-
HB,華新科技股份有限公司,2492,華新科,●  是股票期貨標的,,,◎  是上市普通股標的證券,,,,2000.0,8:45~13:45,-
HC,宏達國際電子股份有限公司,2498,宏達電,●  是股票期貨標的,●  是股票選擇權標的,,◎  是上市普通股標的證券,,,,2000.0,8:45~13:45,-
HH,中華工程股份有限公司,2515,中工,●  是股票期貨標的,,,◎  是上市普通股標的證券,,,,2000.0,8:45~13:45,-
HI,冠德建設股份有限公司,2520,冠德,●  是股票期貨標的,,,◎  是上市普通股標的證券,,,,2000.0,8:45~13:45,-
HL,興富發建設股份有限公司,2542,興富發,●  是股票期貨標的,,,◎  是上市普通股標的證券,,,,2000.0,8:45~13:45,-
HO,華固建設股份有限公司,2548,華固,●  是股票期貨標的,,,◎  是上市普通股標的證券,,,,2000.0,8:45~13:45,-
HQ,新興航運股份有限公司,2605,新興,●  是股票期貨標的,,,◎  是上市普通股標的證券,,,,2000.0,8:45~13:45,-
HS,長榮航空股份有限公司,2618,長榮航,●  是股票期貨標的,●  是股票選擇權標的,,◎  是上市普通股標的證券,,,,2000.0,8:45~13:45,-
IA,臺灣中小企業銀行股份有限公司,2834,臺企銀,●  是股票期貨標的,,,◎  是上市普通股標的證券,,,,2000.0,8:45~13:45,-
IH,台灣農林股份有限公司,2913,農林,●  是股票期貨標的,,,◎  是上市普通股標的證券,,,,2000.0,8:45~13:45,-
II,晶豪科技股份有限公司,3006,晶豪科,●  是股票期貨標的,,,◎  是上市普通股標的證券,,,,2000.0,8:45~13:45,-
IJ,大立光電股份有限公司,3008,大立光,●  是股票期貨標的,●  是股票選擇權標的,,◎  是上市普通股標的證券,,,,2000.0,8:45~13:45,-
IM,亞洲光學股份有限公司,3019,亞光,●  是股票期貨標的,,,◎  是上市普通股標的證券,,,,2000.0,8:45~13:45,-
IO,聯詠科技股份有限公司,3034,聯詠,●  是股票期貨標的,,,◎  是上市普通股標的證券,,,,2000.0,8:45~13:45,-
IP,智原科技股份有限公司,3035,智原,●  是股票期貨標的,,,◎  是上市普通股標的證券,,,,2000.0,8:45~13:45,-
IQ,文曄科技股份有限公司,3036,文曄,●  是股票期貨標的,,,◎  是上市普通股標的證券,,,,2000.0,8:45~13:45,-
IR,欣興電子股份有限公司,3037,欣興,●  是股票期貨標的,●  是股票選擇權標的,,◎  是上市普通股標的證券,,,,2000.0,8:45~13:45,-
IT,台灣晶技股份有限公司,3042,晶技,●  是股票期貨標的,,,◎  是上市普通股標的證券,,,,2000.0,8:45~13:45,-
IX,景碩科技股份有限公司,3189,景碩,●  是股票期貨標的,,,◎  是上市普通股標的證券,,,,2000.0,8:45~13:45,-
IY,新日興股份有限公司,3376,新日興,●  是股票期貨標的,,,◎  是上市普通股標的證券,,,,2000.0,8:45~13:45,-
IZ,明泰科技股份有限公司,3380,明泰,●  是股票期貨標的,,,◎  是上市普通股標的證券,,,,2000.0,8:45~13:45,-
JB,創意電子股份有限公司,3443,創意,●  是股票期貨標的,,,◎  是上市普通股標的證券,,,,2000.0,8:45~13:45,-
JF,嘉澤端子工業股份有限公司,3533,嘉澤,●  是股票期貨標的,,,◎  是上市普通股標的證券,,,,2000.0,8:45~13:45,-
JM,健策精密工業股份有限公司,3653,健策,●  是股票期貨標的,,,◎  是上市普通股標的證券,,,,2000.0,8:45~13:45,-
JN,"TPK Holding Co., Ltd.",3673,TPK-KY,●  是股票期貨標的,,,◎  是上市普通股標的證券,,,,2000.0,8:45~13:45,-
JP,大聯大控股股份有限公司,3702,大聯大,●  是股票期貨標的,,,◎  是上市普通股標的證券,,,,2000.0,8:45~13:45,-
JS,和碩聯合科技股份有限公司,4938,和碩,●  是股票期貨標的,,,◎  是上市普通股標的證券,,,,2000.0,8:45~13:45,-
JW,長虹建設股份有限公司,5534,長虹,●  是股票期貨標的,,,◎  是上市普通股標的證券,,,,2000.0,8:45~13:45,-
JX,群益金鼎證券股份有限公司,6005,群益證,●  是股票期貨標的,,,◎  是上市普通股標的證券,,,,2000.0,8:45~13:45,-
JZ,嘉聯益科技股份有限公司,6153,嘉聯益,●  是股票期貨標的,,,◎  是上市普通股標的證券,,,,2000.0,8:45~13:45,-
KA,瑞儀光電股份有限公司,6176,瑞儀,●  是股票期貨標的,,,◎  是上市普通股標的證券,,,,2000.0,8:45~13:45,-
KB,聯茂電子股份有限公司,6213,聯茂,●  是股票期貨標的,,,◎  是上市普通股標的證券,,,,2000.0,8:45~13:45,-
KC,力成科技股份有限公司,6239,力成,●  是股票期貨標的,,,◎  是上市普通股標的證券,,,,2000.0,8:45~13:45,-
KD,同欣電子工業股份有限公司,6271,同欣電,●  是股票期貨標的,,,◎  是上市普通股標的證券,,,,2000.0,8:45~13:45,-
KE,台灣表面黏著科技股份有限公司,6278,台表科,●  是股票期貨標的,,,◎  是上市普通股標的證券,,,,2000.0,8:45~13:45,-
KF,康舒科技股份有限公司,6282,康舒,●  是股票期貨標的,,,◎  是上市普通股標的證券,,,,2000.0,8:45~13:45,-
KG,啟碁科技股份有限公司,6285,啟碁,●  是股票期貨標的,,,◎  是上市普通股標的證券,,,,2000.0,8:45~13:45,-
KI,台虹科技股份有限公司,8039,台虹,●  是股票期貨標的,,,◎  是上市普通股標的證券,,,,2000.0,8:45~13:45,-
KK,達方電子股份有限公司,8163,達方,●  是股票期貨標的,,,◎  是上市普通股標的證券,,,,2000.0,8:45~13:45,-
KL,寶成工業股份有限公司,9904,寶成,●  是股票期貨標的,,,◎  是上市普通股標的證券,,,,2000.0,8:45~13:45,-
KO,宏全國際股份有限公司,9939,宏全,●  是股票期貨標的,,,◎  是上市普通股標的證券,,,,2000.0,8:45~13:45,-
KP,潤泰創新國際股份有限公司,9945,潤泰新,●  是股票期貨標的,,,◎  是上市普通股標的證券,,,,2000.0,8:45~13:45,-
KS,聚陽實業股份有限公司,1477,聚陽,●  是股票期貨標的,,,◎  是上市普通股標的證券,,,,2000.0,8:45~13:45,-
KU,台灣玻璃工業股份有限公司,1802,台玻,●  是股票期貨標的,,,◎  是上市普通股標的證券,,,,2000.0,8:45~13:45,-
KW,廣宇科技股份有限公司,2328,廣宇,●  是股票期貨標的,,,◎  是上市普通股標的證券,,,,2000.0,8:45~13:45,-
LB,健鼎科技股份有限公司,3044,健鼎,●  是股票期貨標的,,,◎  是上市普通股標的證券,,,,2000.0,8:45~13:45,-
LC,台灣大哥大股份有限公司,3045,台灣大,●  是股票期貨標的,,,◎  是上市普通股標的證券,,,,2000.0,8:45~13:45,-
LE,玉晶光電股份有限公司,3406,玉晶光,●  是股票期貨標的,,,◎  是上市普通股標的證券,,,,2000.0,8:45~13:45,-
LI,台郡科技股份有限公司,6269,台郡,●  是股票期貨標的,,,◎  是上市普通股標的證券,,,,2000.0,8:45~13:45,-
LM,美利達工業股份有限公司,9914,美利達,●  是股票期貨標的,,,◎  是上市普通股標的證券,,,,2000.0,8:45~13:45,-
LO,合作金庫金融控股股份有限公司,5880,合庫金,●  是股票期貨標的,,,◎  是上市普通股標的證券,,,,2000.0,8:45~13:45,-
LQ,英業達股份有限公司,2356,英業達,●  是股票期貨標的,,,◎  是上市普通股標的證券,,,,2000.0,8:45~13:45,-
LR,凱基金融控股股份有限公司,2883,凱基金,●  是股票期貨標的,,,◎  是上市普通股標的證券,,,,2000.0,8:45~13:45,-
LT,遠傳電信股份有限公司,4904,遠傳,●  是股票期貨標的,,,◎  是上市普通股標的證券,,,,2000.0,8:45~13:45,-
LU,臻鼎科技控股股份有限公司,4958,臻鼎-KY,●  是股票期貨標的,,,◎  是上市普通股標的證券,,,,2000.0,8:45~13:45,-
LV,中租控股股份有限公司,5871,中租-KY,●  是股票期貨標的,,,◎  是上市普通股標的證券,,,,2000.0,8:45~13:45,-
LW,儒鴻企業股份有限公司,1476,儒鴻,●  是股票期貨標的,,,◎  是上市普通股標的證券,,,,2000.0,8:45~13:45,-
LX,國巨股份有限公司,2327,國巨*,●  是股票期貨標的,,,◎  是上市普通股標的證券,,,,2000.0,8:45~13:45,-
LY,南亞電路板股份有限公司,8046,南電,●  是股票期貨標的,,,◎  是上市普通股標的證券,,,,2000.0,8:45~13:45,-
MB,敬鵬工業股份有限公司,2355,敬鵬,●  是股票期貨標的,,,◎  是上市普通股標的證券,,,,2000.0,8:45~13:45,-
MJ,致茂電子股份有限公司,2360,致茂,●  是股票期貨標的,,,◎  是上市普通股標的證券,,,,2000.0,8:45~13:45,-
MK,美律實業股份有限公司,2439,美律,●  是股票期貨標的,,,◎  是上市普通股標的證券,,,,2000.0,8:45~13:45,-
MQ,矽格股份有限公司,6257,矽格,●  是股票期貨標的,,,◎  是上市普通股標的證券,,,,2000.0,8:45~13:45,-
MV,台灣百和工業股份有限公司,9938,百和,●  是股票期貨標的,,,◎  是上市普通股標的證券,,,,2000.0,8:45~13:45,-
MY,精華光學股份有限公司,1565,精華,●  是股票期貨標的,,,,◎  是上櫃普通股標的證券,,,2000.0,8:45~13:45,-
,穩懋半導體股份有限公司,3105,穩懋,●  是股票期貨標的,,,,◎  是上櫃普通股標的證券,,,2000.0,8:45~13:45,-
NB,璟德電子工業股份有限公司,3152,璟德,●  是股票期貨標的,,,,◎  是上櫃普通股標的證券,,,2000.0,8:45~13:45,-
NC,順達科技股份有限公司,3211,順達,●  是股票期貨標的,,,,◎  是上櫃普通股標的證券,,,2000.0,8:45~13:45,-
ND,威剛科技股份有限公司,3260,威剛,●  是股票期貨標的,,,,◎  是上櫃普通股標的證券,,,2000.0,8:45~13:45,-
NE,欣銓科技股份有限公司,3264,欣銓,●  是股票期貨標的,,,,◎  是上櫃普通股標的證券,,,2000.0,8:45~13:45,-
NG,碩禾電子材料股份有限公司,3691,碩禾,●  是股票期貨標的,,,,◎  是上櫃普通股標的證券,,,2000.0,8:45~13:45,-
NI,晟德大藥廠股份有限公司,4123,晟德,●  是股票期貨標的,,,,◎  是上櫃普通股標的證券,,,2000.0,8:45~13:45,-
NJ,榮剛材料科技股份有限公司,5009,榮剛,●  是股票期貨標的,,,,◎  是上櫃普通股標的證券,,,2000.0,8:45~13:45,-
NL,世界先進積體電路股份有限公司,5347,世界,●  是股票期貨標的,,,,◎  是上櫃普通股標的證券,,,2000.0,8:45~13:45,-
NM,中強光電股份有限公司,5371,中光電,●  是股票期貨標的,,,,◎  是上櫃普通股標的證券,,,2000.0,8:45~13:45,-
NO,中美矽晶製品股份有限公司,5483,中美晶,●  是股票期貨標的,,,,◎  是上櫃普通股標的證券,,,2000.0,8:45~13:45,-
NQ,新普科技股份有限公司,6121,新普,●  是股票期貨標的,,,,◎  是上櫃普通股標的證券,,,2000.0,8:45~13:45,-
NS,頎邦科技股份有限公司,6147,頎邦,●  是股票期貨標的,,,,◎  是上櫃普通股標的證券,,,2000.0,8:45~13:45,-
NU,網路家庭國際資訊股份有限公司,8044,網家,●  是股票期貨標的,,,,◎  是上櫃普通股標的證券,,,2000.0,8:45~13:45,-
NV,元太科技工業股份有限公司,8069,元太,●  是股票期貨標的,,,,◎  是上櫃普通股標的證券,,,2000.0,8:45~13:45,-
NW,群聯電子股份有限公司,8299,群聯,●  是股票期貨標的,,,,◎  是上櫃普通股標的證券,,,2000.0,8:45~13:45,-
NY,元大台灣卓越50證券投資信託基金,0050,元大台灣50ETF,●  是股票期貨標的,●  是股票選擇權標的,,,,◎  是上市ETF標的證券,,10000.0,8:45~13:45,17:25~次日05:00
OA,富邦上証180證券投資信託基金,006205,富邦上証ETF,●  是股票期貨標的,●  是股票選擇權標的,,,,◎  是上市ETF標的證券,,10000.0,8:45~16:15,-
OB,元大中國傘型證券投資信託基金之上證50證券投資信託基金,006206,元大上證50ETF,●  是股票期貨標的,●  是股票選擇權標的,,,,◎  是上市ETF標的證券,,10000.0,8:45~16:15,-
OD,為升電裝工業股份有限公司,2231,為升,●  是股票期貨標的,,,◎  是上市普通股標的證券,,,,2000.0,8:45~13:45,-
OE,瀚宇彩晶股份有限公司,6116,彩晶,●  是股票期貨標的,,,◎  是上市普通股標的證券,,,,2000.0,8:45~13:45,-
OH,胡連精密股份有限公司,6279,胡連,●  是股票期貨標的,,,,◎  是上櫃普通股標的證券,,,2000.0,8:45~13:45,-
OJ,國泰富時中國A50證券投資信託基金,00636,國泰中國A50ETF,●  是股票期貨標的,●  是股票選擇權標的,,,,◎  是上市ETF標的證券,,10000.0,8:45~16:15,-
OK,富邦深証100證券投資信託基金,00639,富邦深100ETF,●  是股票期貨標的,●  是股票選擇權標的,,,,◎  是上市ETF標的證券,,10000.0,8:45~16:15,-
OL,大立光電股份有限公司,3008,大立光,●  是股票期貨標的,,,◎  是上市普通股標的證券,,,,100.0,8:45~13:45,-
OM,精華光學股份有限公司,1565,精華,●  是股票期貨標的,,,,◎  是上櫃普通股標的證券,,,100.0,8:45~13:45,-
OO,群益深証中小板證券投資信託基金,00643,群益深証中小ETF,●  是股票期貨標的,●  是股票選擇權標的,,,,◎  是上市ETF標的證券,,10000.0,8:45~16:15,-
OP,智邦科技股份有限公司,2345,智邦,●  是股票期貨標的,,,◎  是上市普通股標的證券,,,,2000.0,8:45~13:45,-
OQ,樺漢科技股份有限公司,6414,樺漢,●  是股票期貨標的,,,◎  是上市普通股標的證券,,,,2000.0,8:45~13:45,-
OR,和大工業股份有限公司,1536,和大,●  是股票期貨標的,,,◎  是上市普通股標的證券,,,,2000.0,8:45~13:45,-
OS,榮成紙業股份有限公司,1909,榮成,●  是股票期貨標的,,,◎  是上市普通股標的證券,,,,2000.0,8:45~13:45,-
OT,聯亞光電工業股份有限公司,3081,聯亞,●  是股票期貨標的,,,,◎  是上櫃普通股標的證券,,,2000.0,8:45~13:45,-
OU,同致電子企業股份有限公司,3552,同致,●  是股票期貨標的,,,,◎  是上櫃普通股標的證券,,,2000.0,8:45~13:45,-
OV,台燿科技股份有限公司,6274,台燿,●  是股票期貨標的,,,,◎  是上櫃普通股標的證券,,,2000.0,8:45~13:45,-
OW,環球晶圓股份有限公司,6488,環球晶,●  是股票期貨標的,,,,◎  是上櫃普通股標的證券,,,2000.0,8:45~13:45,-
OX,中華精測科技股份有限公司,6510,精測,●  是股票期貨標的,,,,◎  是上櫃普通股標的證券,,,2000.0,8:45~13:45,-
OY,中華精測科技股份有限公司,6510,精測,●  是股票期貨標的,,,,◎  是上櫃普通股標的證券,,,100.0,8:45~13:45,-
OZ,日月光投資控股股份有限公司,3711,日月光投控,●  是股票期貨標的,●  是股票選擇權標的,,◎  是上市普通股標的證券,,,,2000.0,8:45~13:45,-
PA,原相科技股份有限公司,3227,原相,●  是股票期貨標的,,,,◎  是上櫃普通股標的證券,,,2000.0,8:45~13:45,-
PB,環球晶圓股份有限公司,6488,環球晶,●  是股票期貨標的,,,,◎  是上櫃普通股標的證券,,,100.0,8:45~13:45,-
PC,智擎生技製藥股份有限公司,4162,智擎,●  是股票期貨標的,,,,◎  是上櫃普通股標的證券,,,2000.0,8:45~13:45,-
PD,泰博科技股份有限公司,4736,泰博,●  是股票期貨標的,,,◎  是上市普通股標的證券,,,,2000.0,8:45~13:45,-
PE,台灣半導體股份有限公司,5425,台半,●  是股票期貨標的,,,,◎  是上櫃普通股標的證券,,,2000.0,8:45~13:45,-
PF,元大台灣高股息證券投資信託基金,0056,元大高股息ETF,●  是股票期貨標的,,,,,◎  是上市ETF標的證券,,10000.0,8:45~13:45,-
PG,台灣高速鐵路股份有限公司,2633,台灣高鐵,●  是股票期貨標的,,,◎  是上市普通股標的證券,,,,2000.0,8:45~13:45,-
PH,祥碩科技股份有限公司,5269,祥碩,●  是股票期貨標的,,,◎  是上市普通股標的證券,,,,2000.0,8:45~13:45,-
PI,力旺電子股份有限公司,3529,力旺,●  是股票期貨標的,,,,◎  是上櫃普通股標的證券,,,2000.0,8:45~13:45,-
PJ,台光電子材料股份有限公司,2383,台光電,●  是股票期貨標的,,,◎  是上市普通股標的證券,,,,2000.0,8:45~13:45,-
PK,信昌電子陶瓷股份有限公司,6173,信昌電,●  是股票期貨標的,,,,◎  是上櫃普通股標的證券,,,2000.0,8:45~13:45,-
PL,合晶科技股份有限公司,6182,合晶,●  是股票期貨標的,,,,◎  是上櫃普通股標的證券,,,2000.0,8:45~13:45,-
PM,大江生醫股份有限公司,8436,大江,●  是股票期貨標的,,,,◎  是上櫃普通股標的證券,,,2000.0,8:45~13:45,-
PN,祥碩科技股份有限公司,5269,祥碩,●  是股票期貨標的,,,◎  是上市普通股標的證券,,,,100.0,8:45~13:45,-
PP,宣德科技股份有限公司,5457,宣德,●  是股票期貨標的,,,,◎  是上櫃普通股標的證券,,,2000.0,8:45~13:45,-
PQ,金居開發股份有限公司,8358,金居,●  是股票期貨標的,,,,◎  是上櫃普通股標的證券,,,2000.0,8:45~13:45,-
PR,宏捷科技股份有限公司,8086,宏捷科,●  是股票期貨標的,,,,◎  是上櫃普通股標的證券,,,2000.0,8:45~13:45,-
PS,神達控股股份有限公司,3706,神達,●  是股票期貨標的,,,◎  是上市普通股標的證券,,,,2000.0,8:45~13:45,-
PT,雙鴻科技股份有限公司,3324,雙鴻,●  是股票期貨標的,,,,◎  是上櫃普通股標的證券,,,2000.0,8:45~13:45,-
PU,聯發科技股份有限公司,2454,聯發科,●  是股票期貨標的,,,◎  是上市普通股標的證券,,,,100.0,8:45~13:45,-
PV,緯穎科技服務股份有限公司,6669,緯穎,●  是股票期貨標的,,,◎  是上市普通股標的證券,,,,2000.0,8:45~13:45,-
PW,緯穎科技服務股份有限公司,6669,緯穎,●  是股票期貨標的,,,◎  是上市普通股標的證券,,,,100.0,8:45~13:45,-
PX,鈊象電子股份有限公司,3293,鈊象,●  是股票期貨標的,,,,◎  是上櫃普通股標的證券,,,2000.0,8:45~13:45,-
PY,鈊象電子股份有限公司,3293,鈊象,●  是股票期貨標的,,,,◎  是上櫃普通股標的證券,,,100.0,8:45~13:45,-
PZ,信驊科技股份有限公司,5274,信驊,●  是股票期貨標的,,,,◎  是上櫃普通股標的證券,,,2000.0,8:45~13:45,-
QA,信驊科技股份有限公司,5274,信驊,●  是股票期貨標的,,,,◎  是上櫃普通股標的證券,,,100.0,8:45~13:45,-
QB,富采控股股份有限公司,3714,富采,●  是股票期貨標的,,,◎  是上市普通股標的證券,,,,2000.0,8:45~13:45,-
QC,裕民航運股份有限公司,2606,裕民,●  是股票期貨標的,,,◎  是上市普通股標的證券,,,,2000.0,8:45~13:45,-
QD,台塑勝高科技股份有限公司,3532,台勝科,●  是股票期貨標的,,,◎  是上市普通股標的證券,,,,2000.0,8:45~13:45,-
QE,國巨股份有限公司,2327,國巨*,●  是股票期貨標的,,,◎  是上市普通股標的證券,,,,100.0,8:45~13:45,-
QF,台灣積體電路製造股份有限公司,2330,台積電,●  是股票期貨標的,,,◎  是上市普通股標的證券,,,,100.0,8:45~13:45,17:25~次日05:00
QG,瑞昱半導體股份有限公司,2379,瑞昱,●  是股票期貨標的,,,◎  是上市普通股標的證券,,,,100.0,8:45~13:45,-
QH,聯詠科技股份有限公司,3034,聯詠,●  是股票期貨標的,,,◎  是上市普通股標的證券,,,,100.0,8:45~13:45,-
QI,穩懋半導體股份有限公司,3105,穩懋,●  是股票期貨標的,,,,◎  是上櫃普通股標的證券,,,100.0,8:45~13:45,-
QJ,玉晶光電股份有限公司,3406,玉晶光,●  是股票期貨標的,,,◎  是上市普通股標的證券,,,,100.0,8:45~13:45,-
QK,永豐餘投資控股股份有限公司,1907,永豐餘,●  是股票期貨標的,,,◎  是上市普通股標的證券,,,,2000.0,8:45~13:45,-
QL,精材科技股份有限公司,3374,精材,●  是股票期貨標的,,,,◎  是上櫃普通股標的證券,,,2000.0,8:45~13:45,-
QM,上銀科技股份有限公司,2049,上銀,●  是股票期貨標的,,,◎  是上市普通股標的證券,,,,100.0,8:45~13:45,-
QN,群聯電子股份有限公司,8299,群聯,●  是股票期貨標的,,,,◎  是上櫃普通股標的證券,,,100.0,8:45~13:45,-
QO,長興材料工業股份有限公司,1717,長興,●  是股票期貨標的,,,◎  是上市普通股標的證券,,,,2000.0,8:45~13:45,-
QP,正隆股份有限公司,1904,正隆,●  是股票期貨標的,,,◎  是上市普通股標的證券,,,,2000.0,8:45~13:45,-
QQ,僑威科技股份有限公司,3078,僑威,●  是股票期貨標的,,,,◎  是上櫃普通股標的證券,,,2000.0,8:45~13:45,-
QR,華碩電腦股份有限公司,2357,華碩,●  是股票期貨標的,,,◎  是上市普通股標的證券,,,,100.0,8:45~13:45,-
QS,南亞電路板股份有限公司,8046,南電,●  是股票期貨標的,,,◎  是上市普通股標的證券,,,,100.0,8:45~13:45,-
QT,超豐電子股份有限公司,2441,超豐,●  是股票期貨標的,,,◎  是上市普通股標的證券,,,,2000.0,8:45~13:45,-
QU,南茂科技股份有限公司,8150,南茂,●  是股票期貨標的,,,◎  是上市普通股標的證券,,,,2000.0,8:45~13:45,-
QV,台灣光罩股份有限公司,2338,光罩,●  是股票期貨標的,,,◎  是上市普通股標的證券,,,,2000.0,8:45~13:45,-
QW,威盛電子股份有限公司,2388,威盛,●  是股票期貨標的,,,◎  是上市普通股標的證券,,,,2000.0,8:45~13:45,-
QX,萬海航運股份有限公司,2615,萬海,●  是股票期貨標的,,,◎  是上市普通股標的證券,,,,2000.0,8:45~13:45,-
QY,高端疫苗生物製劑股份有限公司,6547,高端疫苗,●  是股票期貨標的,,,,◎  是上櫃普通股標的證券,,,2000.0,8:45~13:45,-
QZ,力晶積成電子製造股份有限公司,6770,力積電,●  是股票期貨標的,,,◎  是上市普通股標的證券,,,,2000.0,8:45~13:45,-
RA,奇鋐科技股份有限公司,3017,奇鋐,●  是股票期貨標的,,,◎  是上市普通股標的證券,,,,2000.0,8:45~13:45,-
RB,中磊電子股份有限公司,5388,中磊,●  是股票期貨標的,,,◎  是上市普通股標的證券,,,,2000.0,8:45~13:45,-
RC,漢翔航空工業股份有限公司,2634,漢翔,●  是股票期貨標的,,,◎  是上市普通股標的證券,,,,2000.0,8:45~13:45,-
RD,中天生物科技股份有限公司,4128,中天,●  是股票期貨標的,,,,◎  是上櫃普通股標的證券,,,2000.0,8:45~13:45,-
RE,新唐科技股份有限公司,4919,新唐,●  是股票期貨標的,,,◎  是上市普通股標的證券,,,,2000.0,8:45~13:45,-
RF,嘉澤端子工業股份有限公司,3533,嘉澤,●  是股票期貨標的,,,◎  是上市普通股標的證券,,,,100.0,8:45~13:45,-
RG,健策精密工業股份有限公司,3653,健策,●  是股票期貨標的,,,◎  是上市普通股標的證券,,,,100.0,8:45~13:45,-
RI,國泰台灣高股息傘型證券投資信託基金之台灣ESG永續高股息ETF證券投資信託基金,00878,國泰永續高股息ETF,●  是股票期貨標的,,,,,◎  是上市ETF標的證券,,10000.0,8:45~13:45,-
RJ,大亞電線電纜股份有限公司,1609,大亞,●  是股票期貨標的,,,◎  是上市普通股標的證券,,,,2000.0,8:45~13:45,-
RK,金像電子股份有限公司,2368,金像電,●  是股票期貨標的,,,◎  是上市普通股標的證券,,,,2000.0,8:45~13:45,-
RL,元晶太陽能科技股份有限公司,6443,元晶,●  是股票期貨標的,,,◎  是上市普通股標的證券,,,,2000.0,8:45~13:45,-
RN,合一生技股份有限公司,4743,合一,●  是股票期貨標的,,,,◎  是上櫃普通股標的證券,,,2000.0,8:45~13:45,-
RO,立端科技股份有限公司,6245,立端,●  是股票期貨標的,,,,◎  是上櫃普通股標的證券,,,2000.0,8:45~13:45,-
RP,寶雅國際股份有限公司,5904,寶雅,●  是股票期貨標的,,,,◎  是上櫃普通股標的證券,,,2000.0,8:45~13:45,-
RR,寶雅國際股份有限公司,5904,寶雅,●  是股票期貨標的,,,,◎  是上櫃普通股標的證券,,,100.0,8:45~13:45,-
RS,力旺電子股份有限公司,3529,力旺,●  是股票期貨標的,,,,◎  是上櫃普通股標的證券,,,100.0,8:45~13:45,-
RU,世紀鋼鐵結構股份有限公司,9958,世紀鋼,●  是股票期貨標的,,,◎  是上市普通股標的證券,,,,2000.0,8:45~13:45,-
RV,台達電子工業股份有限公司,2308,台達電,●  是股票期貨標的,,,◎  是上市普通股標的證券,,,,100.0,8:45~13:45,-
RW,創意電子股份有限公司,3443,創意,●  是股票期貨標的,,,◎  是上市普通股標的證券,,,,100.0,8:45~13:45,-
RX,富邦富時越南證券投資信託基金,00885,富邦越南ETF,●  是股票期貨標的,,,,,◎  是上市ETF標的證券,,10000.0,8:45~16:15,-
RY,群益台灣ESG低碳50ETF證券投資信託基金,00923,群益台ESG低碳50ETF,●  是股票期貨標的,,,,,◎  是上市ETF標的證券,,10000.0,8:45~13:45,-
RZ,元大美國政府20年期(以上)債券證券投資信託基金,00679B,元大美債20年ETF,●  是股票期貨標的,,,,,,◎  是上櫃ETF標的證券,10000.0,8:45~16:15,17:25~次日05:00
SA,美時化學製藥股份有限公司,1795,美時,●  是股票期貨標的,,,◎  是上市普通股標的證券,,,,2000.0,8:45~13:45,-
SB,中華紙漿股份有限公司,1905,華紙,●  是股票期貨標的,,,◎  是上市普通股標的證券,,,,2000.0,8:45~13:45,-
SC,聚陽實業股份有限公司,1477,聚陽,●  是股票期貨標的,,,◎  是上市普通股標的證券,,,,100.0,8:45~13:45,-
SD,中興電工機械股份有限公司,1513,中興電,●  是股票期貨標的,,,◎  是上市普通股標的證券,,,,2000.0,8:45~13:45,-
SE,智邦科技股份有限公司,2345,智邦,●  是股票期貨標的,,,◎  是上市普通股標的證券,,,,100.0,8:45~13:45,-
SF,台光電子材料股份有限公司,2383,台光電,●  是股票期貨標的,,,◎  是上市普通股標的證券,,,,100.0,8:45~13:45,-
SG,國泰全球智能電動車ETF證券投資信託基金,00893,國泰智能電動車ETF,●  是股票期貨標的,,,,,◎  是上市ETF標的證券,,10000.0,8:45~16:15,-
SI,元大美國政府1至3年期債券ETF基金,00719B,元大美債1-3ETF,●  是股票期貨標的,,,,,,◎  是上櫃ETF標的證券,10000.0,8:45~16:15,-
SJ,神基控股股份有限公司,3005,神基,●  是股票期貨標的,,,◎  是上市普通股標的證券,,,,2000.0,8:45~13:45,-
SK,至上電子股份有限公司,8112,至上,●  是股票期貨標的,,,◎  是上市普通股標的證券,,,,2000.0,8:45~13:45,-
SL,技嘉科技股份有限公司,2376,技嘉,●  是股票期貨標的,,,◎  是上市普通股標的證券,,,,100.0,8:45~13:45,-
SM,群益台灣精選高息ETF證券投資信託基金,00919,群益台灣精選高息ETF,●  是股票期貨標的,,,,,◎  是上市ETF標的證券,,10000.0,8:45~13:45,-
SN,復華台灣科技優息ETF證券投資信託基金,00929,復華台灣科技優息ETF,●  是股票期貨標的,,,,,◎  是上市ETF標的證券,,10000.0,8:45~13:45,-
SQ,中國信託多元收益債券ETF傘型證券投資信託基金之中國信託10年期以上高評級美元公司債券ETF證券投資信託基金,00772B,中信高評級公司債ETF,●  是股票期貨標的,,,,,,◎  是上櫃ETF標的證券,10000.0,8:45~16:15,-
SR,元大台灣卓越50證券投資信託基金,0050,元大台灣50ETF,●  是股票期貨標的,,,,,◎  是上市ETF標的證券,,1000.0,8:45~13:45,17:25~次日05:00
SS,元大台灣高股息證券投資信託基金,0056,元大高股息ETF,●  是股票期貨標的,,,,,◎  是上市ETF標的證券,,1000.0,8:45~13:45,-
SU,元大臺灣價值高息ETF證券投資信託基金,00940,元大台灣價值高息ETF,●  是股票期貨標的,,,,,◎  是上市ETF標的證券,,10000.0,8:45~13:45,-
SV,川湖科技股份有限公司,2059,川湖,●  是股票期貨標的,,,◎  是上市普通股標的證券,,,,100.0,8:45~13:45,-
SW,世紀鋼鐵結構股份有限公司,9958,世紀鋼,●  是股票期貨標的,,,◎  是上市普通股標的證券,,,,100.0,8:45~13:45,-
SY,家登精密工業股份有限公司,3680,家登,●  是股票期貨標的,,,,◎  是上櫃普通股標的證券,,,2000.0,8:45~13:45,-
SZ,家登精密工業股份有限公司,3680,家登,●  是股票期貨標的,,,,◎  是上櫃普通股標的證券,,,100.0,8:45~13:45,-
UA,士林電機廠股份有限公司,1503,士電,●  是股票期貨標的,,,◎  是上市普通股標的證券,,,,2000.0,8:45~13:45,-
UB,亞翔工程股份有限公司,6139,亞翔,●  是股票期貨標的,,,◎  是上市普通股標的證券,,,,2000.0,8:45~13:45,-
UC,廣明光電股份有限公司,6188,廣明,●  是股票期貨標的,,,,◎  是上櫃普通股標的證券,,,2000.0,8:45~13:45,-
UE,上海商業儲蓄銀行股份有限公司,5876,上海商銀,●  是股票期貨標的,,,◎  是上市普通股標的證券,,,,2000.0,8:45~13:45,-
UF,台塑石化股份有限公司,6505,台塑化,●  是股票期貨標的,,,◎  是上市普通股標的證券,,,,2000.0,8:45~13:45,-
UG,達發科技股份有限公司,6526,達發,●  是股票期貨標的,,,◎  是上市普通股標的證券,,,,2000.0,8:45~13:45,-
UH,奇鋐科技股份有限公司,3017,奇鋐,●  是股票期貨標的,,,◎  是上市普通股標的證券,,,,100.0,8:45~13:45,-
UI,達發科技股份有限公司,6526,達發,●  是股票期貨標的,,,◎  是上市普通股標的證券,,,,100.0,8:45~13:45,-
UJ,群益ESG 20年期以上BBB投資等級公司債ETF證券投資信託基金,00937B,群益ESG投等債20+ETF,●  是股票期貨標的,,,,,,◎  是上櫃ETF標的證券,10000.0,8:45~16:15,-
UK,國泰20年期(以上)美國公債指數證券投資信託基金,00687B,國泰20年美債ETF,●  是股票期貨標的,,,,,,◎  是上櫃ETF標的證券,10000.0,8:45~16:15,-
UL,雙鴻科技股份有限公司,3324,雙鴻,●  是股票期貨標的,,,,◎  是上櫃普通股標的證券,,,100.0,8:45~13:45,-
UM,世芯電子股份有限公司,3661,世芯-KY,●  是股票期貨標的,,,◎  是上市普通股標的證券,,,,2000.0,8:45~13:45,-
UO,世芯電子股份有限公司,3661,世芯-KY,●  是股票期貨標的,,,◎  是上市普通股標的證券,,,,100.0,8:45~13:45,-
UP,保瑞藥業股份有限公司,6472,保瑞,●  是股票期貨標的,,,◎  是上市普通股標的證券,,,,2000.0,8:45~13:45,-
UQ,保瑞藥業股份有限公司,6472,保瑞,●  是股票期貨標的,,,◎  是上市普通股標的證券,,,,100.0,8:45~13:45,-
UR,統一NYSE FANG+ ETF證券投資信託基金,00757,統一FANG+ETF,●  是股票期貨標的,,,,,◎  是上市ETF標的證券,,10000.0,8:45~16:15,-
US,統一NYSE FANG+ ETF證券投資信託基金,00757,統一FANG+ETF,●  是股票期貨標的,,,,,◎  是上市ETF標的證券,,1000.0,8:45~16:15,-
UT,一詮精密工業股份有限公司,2486,一詮,●  是股票期貨標的,,,◎  是上市普通股標的證券,,,,2000.0,8:45~13:45,-
UU,台灣虎航股份有限公司,6757,台灣虎航,●  是股票期貨標的,,,◎  是上市普通股標的證券,,,,2000.0,8:45~13:45,-
UV,旺矽科技股份有限公司,6223,旺矽,●  是股票期貨標的,,,,◎  是上櫃普通股標的證券,,,2000.0,8:45~13:45,-
UW,旺矽科技股份有限公司,6223,旺矽,●  是股票期貨標的,,,,◎  是上櫃普通股標的證券,,,100.0,8:45~13:45,-
UX,華泰電子股份有限公司,2329,華泰,●  是股票期貨標的,,,◎  是上市普通股標的證券,,,,2000.0,8:45~13:45,-
UY,良維科技股份有限公司,6290,良維,●  是股票期貨標的,,,,◎  是上櫃普通股標的證券,,,2000.0,8:45~13:45,-
UZ,漢唐集成股份有限公司,2404,漢唐,●  是股票期貨標的,,,◎  是上市普通股標的證券,,,,100.0,8:45~13:45,-
VA,華榮電線電纜股份有限公司,1608,華榮,●  是股票期貨標的,,,◎  是上市普通股標的證券,,,,2000.0,8:45~13:45,-
VB,燿華電子股份有限公司,2367,燿華,●  是股票期貨標的,,,◎  是上市普通股標的證券,,,,2000.0,8:45~13:45,-
VC,建準電機工業股份有限公司,2421,建準,●  是股票期貨標的,,,◎  是上市普通股標的證券,,,,2000.0,8:45~13:45,-
VD,致茂電子股份有限公司,2360,致茂,●  是股票期貨標的,,,◎  是上市普通股標的證券,,,,100.0,8:45~13:45,-
VE,貿聯控股,3665,貿聯-KY,●  是股票期貨標的,,,◎  是上市普通股標的證券,,,,2000.0,8:45~13:45,-
VF,貿聯控股,3665,貿聯-KY,●  是股票期貨標的,,,◎  是上市普通股標的證券,,,,100.0,8:45~13:45,-
VG,金像電子股份有限公司,2368,金像電,●  是股票期貨標的,,,◎  是上市普通股標的證券,,,,100.0,8:45~13:45,-
VH,富邦台灣科技指數證券投資信託基金,0052,富邦科技ETF,●  是股票期貨標的,,,,,◎  是上市ETF標的證券,,10000.0,8:45~13:45,-
,標的合計數：,,,313,35,7,230,59,19,5,,,
