日期,動作,部位描述,3045.TW(N/A)多空,2412.TW(N/A)多空,3045.TW價,2412.TW價,3045.TW口數,2412.TW口數,保證金佔用,Z-Score,交易成本,損益,開倉Z
2022-01-03,[網格1] 開倉(做多配對),做空3045.TW(N/A) 1口 / 做多2412.TW(N/A) 1口,做空,做多,85.4,99.22,1,1,49848.0,-2.53,67.0,0.0,
2022-01-03,[網格2] 開倉(做多配對),做空3045.TW(N/A) 1口 / 做多2412.TW(N/A) 1口,做空,做多,85.4,99.22,1,1,49848.0,-2.53,67.0,0.0,
2022-01-04,[網格1] 停利平倉(做多配對),停利平倉: 做空3045.TW(N/A) 1口 / 做多2412.TW(N/A) 1口,平倉(買回),平倉(賣出),84.3,99.22,1,1,99099.0,0.62,67.0,2142.0,-2.53
2022-01-17,[網格2] 停利平倉(做多配對),停利平倉: 做空3045.TW(N/A) 1口 / 做多2412.TW(N/A) 1口,平倉(買回),平倉(賣出),84.98,100.51,1,1,50081.0,1.12,67.0,3359.0,-2.53
2022-01-17,[網格1] 開倉(做空配對),做多3045.TW(N/A) 6口 / 做空2412.TW(N/A) 5口,做多,做空,84.98,100.51,6,5,323431.0,1.12,370.0,0.0,
2022-01-19,[網格1] 結算平倉(做空配對),做多3045.TW(N/A) 6口 / 做空2412.TW(N/A) 5口,平倉(賣出),平倉(買回),85.83,100.51,6,5,0.0,-1.06,371.0,9827.0,1.12
2022-01-20,[網格1] 轉倉開倉(做空配對),做多3045.TW(N/A) 6口 / 做空2412.TW(N/A) 5口,做多,做空,84.89,100.08,6,5,272632.0,0.62,370.0,0.0,
2022-01-24,[網格1] 停利平倉(做空配對),停利平倉: 做多3045.TW(N/A) 6口 / 做空2412.TW(N/A) 5口,平倉(賣出),平倉(買回),85.4,100.51,6,5,274038.0,-0.04,371.0,1453.0,0.62
2022-01-26,[網格1] 開倉(做空配對),做多3045.TW(N/A) 6口 / 做空2412.TW(N/A) 5口,做多,做空,84.72,100.94,6,5,273516.0,2.17,371.0,0.0,
2022-01-26,[網格2] 開倉(做空配對),做多3045.TW(N/A) 6口 / 做空2412.TW(N/A) 5口,做多,做空,84.72,100.94,6,5,273516.0,2.17,371.0,0.0,
2022-02-09,[網格1] 停利平倉(做空配對),停利平倉: 做多3045.TW(N/A) 6口 / 做空2412.TW(N/A) 5口,平倉(賣出),平倉(買回),86.68,101.8,6,5,555685.0,-1.55,371.0,14493.0,2.17
2022-02-09,[網格2] 停利平倉(做空配對),停利平倉: 做多3045.TW(N/A) 6口 / 做空2412.TW(N/A) 5口,平倉(賣出),平倉(買回),86.68,101.8,6,5,555685.0,-1.55,371.0,14493.0,2.17
2022-02-09,[網格1] 開倉(做多配對),做空3045.TW(N/A) 6口 / 做多2412.TW(N/A) 5口,做空,做多,86.68,101.8,6,5,833527.0,-1.55,371.0,0.0,
2022-02-10,[網格2] 開倉(做多配對),做空3045.TW(N/A) 7口 / 做多2412.TW(N/A) 6口,做空,做多,87.95,102.65,7,6,613598.0,-2.58,439.0,0.0,
2022-02-16,[網格1] 結算平倉(做多配對),做空3045.TW(N/A) 6口 / 做多2412.TW(N/A) 5口,平倉(買回),平倉(賣出),89.23,103.94,6,5,0.0,-2.26,372.0,-9489.0,-1.55
2022-02-16,[網格2] 結算平倉(做多配對),做空3045.TW(N/A) 7口 / 做多2412.TW(N/A) 6口,平倉(買回),平倉(賣出),89.23,103.94,7,6,0.0,-2.26,440.0,-2823.0,-2.58
2022-02-17,[網格1] 轉倉開倉(做多配對),做空3045.TW(N/A) 6口 / 做多2412.TW(N/A) 5口,做空,做多,89.23,104.37,6,5,285451.0,-1.55,372.0,0.0,
2022-02-17,[網格2] 轉倉開倉(做多配對),做空3045.TW(N/A) 6口 / 做多2412.TW(N/A) 5口,做空,做多,89.23,104.37,6,5,285451.0,-1.55,372.0,0.0,
2022-02-24,[網格1] 停利平倉(做多配對),停利平倉: 做空3045.TW(N/A) 6口 / 做多2412.TW(N/A) 5口,平倉(買回),平倉(賣出),89.23,106.95,6,5,577861.0,1.47,373.0,25398.0,-1.55
2022-02-24,[網格2] 停利平倉(做多配對),停利平倉: 做空3045.TW(N/A) 6口 / 做多2412.TW(N/A) 5口,平倉(買回),平倉(賣出),89.23,106.95,6,5,577861.0,1.47,373.0,25398.0,-1.55
2022-02-24,[網格1] 開倉(做空配對),做多3045.TW(N/A) 6口 / 做空2412.TW(N/A) 5口,做多,做空,89.23,106.95,6,5,866792.0,1.47,373.0,0.0,
2022-02-25,[網格2] 開倉(做空配對),做多3045.TW(N/A) 5口 / 做空2412.TW(N/A) 4口,做多,做空,87.95,106.95,5,4,521108.0,2.56,305.0,0.0,
2022-03-02,[網格1] 停利平倉(做空配對),停利平倉: 做多3045.TW(N/A) 6口 / 做空2412.TW(N/A) 5口,平倉(賣出),平倉(買回),90.08,106.09,6,5,525330.0,-0.65,373.0,18415.0,1.47
2022-03-03,[網格2] 停利平倉(做空配對),停利平倉: 做多3045.TW(N/A) 5口 / 做空2412.TW(N/A) 4口,平倉(賣出),平倉(買回),90.08,105.23,5,4,235254.0,-1.25,305.0,34684.0,2.56
2022-03-03,[網格1] 開倉(做多配對),做空3045.TW(N/A) 7口 / 做多2412.TW(N/A) 6口,做空,做多,90.08,105.23,7,6,575976.0,-1.25,440.0,0.0,
2022-03-15,[網格1] 停利平倉(做多配對),停利平倉: 做空3045.TW(N/A) 7口 / 做多2412.TW(N/A) 6口,平倉(買回),平倉(賣出),90.08,107.38,7,6,344200.0,0.93,441.0,25330.0,-1.25
2022-03-17,[網格1] 開倉(做空配對),做多3045.TW(N/A) 6口 / 做空2412.TW(N/A) 5口,做多,做空,90.08,107.81,6,5,291467.0,1.11,373.0,0.0,
2022-03-18,[網格2] 開倉(做空配對),做多3045.TW(N/A) 5口 / 做空2412.TW(N/A) 4口,做多,做空,89.23,108.67,5,4,529068.0,2.25,305.0,0.0,
2022-04-12,[網格1] 停利平倉(做空配對),停利平倉: 做多3045.TW(N/A) 6口 / 做空2412.TW(N/A) 5口,平倉(賣出),平倉(買回),90.93,110.39,6,5,538291.0,-0.05,374.0,-15947.0,1.11
2022-04-14,[網格1] 開倉(做空配對),做多3045.TW(N/A) 5口 / 做空2412.TW(N/A) 4口,做多,做空,90.08,111.67,5,4,484425.0,1.98,306.0,0.0,
2022-04-20,[網格1] 結算平倉(做空配對),做多3045.TW(N/A) 5口 / 做空2412.TW(N/A) 4口,平倉(賣出),平倉(買回),92.2,112.53,5,4,0.0,-0.74,306.0,14066.0,1.98
2022-04-20,[網格2] 結算平倉(做空配對),做多3045.TW(N/A) 5口 / 做空2412.TW(N/A) 4口,平倉(賣出),平倉(買回),92.2,112.53,5,4,0.0,-0.74,306.0,-1489.0,2.25
2022-04-21,[網格1] 轉倉開倉(做空配對),做多3045.TW(N/A) 5口 / 做空2412.TW(N/A) 4口,做多,做空,91.78,112.53,5,4,245435.0,-0.08,306.0,0.0,
2022-04-21,[網格2] 轉倉開倉(做空配對),做多3045.TW(N/A) 5口 / 做空2412.TW(N/A) 4口,做多,做空,91.78,112.53,5,4,245435.0,-0.08,306.0,0.0,
2022-04-21,[網格1] 停利平倉(做空配對),停利平倉: 做多3045.TW(N/A) 5口 / 做空2412.TW(N/A) 4口,平倉(賣出),平倉(買回),91.78,112.53,5,4,0.0,-0.08,306.0,14066.0,-0.08
2022-04-25,[網格1] 開倉(做空配對),做多3045.TW(N/A) 5口 / 做空2412.TW(N/A) 4口,做多,做空,91.35,112.96,5,4,490650.0,1.01,306.0,0.0,
2022-04-26,[網格1] 停利平倉(做空配對),停利平倉: 做多3045.TW(N/A) 5口 / 做空2412.TW(N/A) 4口,平倉(賣出),平倉(買回),92.63,113.39,5,4,495019.0,-0.66,307.0,9004.0,1.01
2022-04-28,[網格2] 停利平倉(做空配對),停利平倉: 做多3045.TW(N/A) 5口 / 做空2412.TW(N/A) 4口,平倉(賣出),平倉(買回),92.63,112.96,5,4,247046.0,-1.14,307.0,4755.0,-0.08
2022-04-28,[網格1] 開倉(做多配對),做空3045.TW(N/A) 5口 / 做多2412.TW(N/A) 4口,做空,做多,92.63,112.96,5,4,494092.0,-1.14,307.0,0.0,
2022-05-04,[網格2] 開倉(做多配對),做空3045.TW(N/A) 6口 / 做多2412.TW(N/A) 5口,做空,做多,89.65,106.52,6,5,525112.0,-2.49,373.0,0.0,
2022-05-18,[網格1] 結算平倉(做多配對),做空3045.TW(N/A) 5口 / 做多2412.TW(N/A) 4口,平倉(買回),平倉(賣出),91.35,107.38,5,4,0.0,-1.24,305.0,-32228.0,-1.14
2022-05-18,[網格2] 結算平倉(做多配對),做空3045.TW(N/A) 6口 / 做多2412.TW(N/A) 5口,平倉(買回),平倉(賣出),91.35,107.38,6,5,0.0,-1.24,373.0,-12178.0,-2.49
2022-05-19,[網格1] 轉倉開倉(做多配對),做空3045.TW(N/A) 1口 / 做多2412.TW(N/A) 1口,做空,做多,91.78,106.95,1,1,53656.0,-1.55,68.0,0.0,
2022-05-19,[網格2] 轉倉開倉(做多配對),做空3045.TW(N/A) 1口 / 做多2412.TW(N/A) 1口,做空,做多,91.78,106.95,1,1,53656.0,-1.55,68.0,0.0,
2022-05-30,[網格1] 停利平倉(做多配對),停利平倉: 做空3045.TW(N/A) 1口 / 做多2412.TW(N/A) 1口,平倉(買回),平倉(賣出),91.78,109.1,1,1,108472.0,0.41,68.0,4227.0,-1.55
2022-06-09,[網格2] 停利平倉(做多配對),停利平倉: 做空3045.TW(N/A) 1口 / 做多2412.TW(N/A) 1口,平倉(買回),平倉(賣出),91.35,108.24,1,1,53889.0,1.06,68.0,3359.0,-1.55
2022-06-09,[網格1] 開倉(做空配對),做多3045.TW(N/A) 6口 / 做空2412.TW(N/A) 5口,做多,做空,91.35,108.24,6,5,348001.0,1.06,374.0,0.0,
2022-06-15,[網格1] 結算平倉(做空配對),做多3045.TW(N/A) 6口 / 做空2412.TW(N/A) 5口,平倉(賣出),平倉(買回),90.93,107.38,6,5,0.0,0.32,373.0,3118.0,1.06
2022-06-16,[網格1] 轉倉開倉(做空配對),做多3045.TW(N/A) 6口 / 做空2412.TW(N/A) 5口,做多,做空,90.93,106.52,6,5,291104.0,-0.79,373.0,0.0,
2022-06-16,[網格1] 停利平倉(做空配對),停利平倉: 做多3045.TW(N/A) 6口 / 做空2412.TW(N/A) 5口,平倉(賣出),平倉(買回),90.93,106.52,6,5,0.0,-0.79,373.0,3118.0,-0.79
2022-06-17,[網格1] 開倉(做空配對),做多3045.TW(N/A) 6口 / 做空2412.TW(N/A) 5口,做多,做空,90.08,107.38,6,5,290887.0,1.73,373.0,0.0,
2022-06-21,[網格1] 停利平倉(做空配對),停利平倉: 做多3045.TW(N/A) 6口 / 做空2412.TW(N/A) 5口,平倉(賣出),平倉(買回),92.2,108.67,6,5,296068.0,-0.86,374.0,12234.0,1.73
2022-06-22,[網格1] 開倉(做多配對),做空3045.TW(N/A) 6口 / 做多2412.TW(N/A) 5口,做空,做多,92.2,107.81,6,5,294909.0,-2.05,374.0,0.0,
2022-06-22,[網格2] 開倉(做多配對),做空3045.TW(N/A) 6口 / 做多2412.TW(N/A) 5口,做空,做多,92.2,107.81,6,5,294909.0,-2.05,374.0,0.0,
2022-06-27,[網格1] 停利平倉(做多配對),停利平倉: 做空3045.TW(N/A) 6口 / 做多2412.TW(N/A) 5口,平倉(買回),平倉(賣出),93.05,110.39,6,5,599529.0,0.05,374.0,15199.0,-2.05
2022-06-29,[網格2] 停利平倉(做多配對),停利平倉: 做空3045.TW(N/A) 6口 / 做多2412.TW(N/A) 5口,平倉(買回),平倉(賣出),93.48,112.1,6,5,302772.0,1.66,375.0,27280.0,-2.05
2022-06-29,[網格1] 開倉(做空配對),做多3045.TW(N/A) 6口 / 做空2412.TW(N/A) 5口,做多,做空,93.48,112.1,6,5,605544.0,1.66,375.0,0.0,
2022-07-04,[網格2] 開倉(做空配對),做多3045.TW(N/A) 5口 / 做空2412.TW(N/A) 4口,做多,做空,93.05,112.64,5,4,550091.0,2.48,307.0,0.0,
2022-07-12,[網格1] 停利平倉(做空配對),停利平倉: 做多3045.TW(N/A) 6口 / 做空2412.TW(N/A) 5口,平倉(賣出),平倉(買回),92.04,109.08,6,5,538438.0,-0.45,374.0,12622.0,1.66
2022-07-14,[網格2] 停利平倉(做空配對),停利平倉: 做多3045.TW(N/A) 5口 / 做空2412.TW(N/A) 4口,平倉(賣出),平倉(買回),93.37,109.53,5,4,244340.0,-1.26,306.0,27811.0,2.48
2022-07-14,[網格1] 開倉(做多配對),做空3045.TW(N/A) 6口 / 做多2412.TW(N/A) 5口,做空,做多,93.37,109.53,6,5,543463.0,-1.26,374.0,0.0,
2022-07-18,[網格1] 停利平倉(做多配對),停利平倉: 做空3045.TW(N/A) 6口 / 做多2412.TW(N/A) 5口,平倉(買回),平倉(賣出),91.6,109.53,6,5,296255.0,0.13,374.0,20867.0,-1.26
2022-07-19,[網格1] 開倉(做空配對),做多3045.TW(N/A) 5口 / 做空2412.TW(N/A) 4口,做多,做空,87.71,108.19,5,4,235251.0,2.01,305.0,0.0,
2022-07-19,[網格2] 開倉(做空配對),做多3045.TW(N/A) 5口 / 做空2412.TW(N/A) 4口,做多,做空,87.71,108.19,5,4,235251.0,2.01,305.0,0.0,
2022-07-20,[網格1] 結算平倉(做空配對),做多3045.TW(N/A) 5口 / 做空2412.TW(N/A) 4口,平倉(賣出),平倉(買回),86.91,106.86,5,4,0.0,1.68,304.0,2416.0,2.01
2022-07-20,[網格2] 結算平倉(做空配對),做多3045.TW(N/A) 5口 / 做空2412.TW(N/A) 4口,平倉(賣出),平倉(買回),86.91,106.86,5,4,0.0,1.68,304.0,2416.0,2.01
2022-07-21,[網格1] 轉倉開倉(做空配對),做多3045.TW(N/A) 5口 / 做空2412.TW(N/A) 4口,做多,做空,87.71,106.41,5,4,233328.0,0.86,305.0,0.0,
2022-07-21,[網格2] 轉倉開倉(做空配對),做多3045.TW(N/A) 5口 / 做空2412.TW(N/A) 4口,做多,做空,87.71,106.41,5,4,233328.0,0.86,305.0,0.0,
2022-07-27,[網格1] 停利平倉(做空配對),停利平倉: 做多3045.TW(N/A) 5口 / 做空2412.TW(N/A) 4口,平倉(賣出),平倉(買回),90.27,108.19,5,4,477432.0,-0.26,305.0,11113.0,0.86
2022-08-11,[網格1] 開倉(做空配對),做多3045.TW(N/A) 5口 / 做空2412.TW(N/A) 4口,做多,做空,89.83,111.31,5,4,482969.0,1.83,306.0,0.0,
2022-08-17,[網格1] 結算平倉(做空配對),做多3045.TW(N/A) 5口 / 做空2412.TW(N/A) 4口,平倉(賣出),平倉(買回),89.83,109.53,5,4,0.0,0.48,305.0,13942.0,1.83
2022-08-17,[網格2] 結算平倉(做空配對),做多3045.TW(N/A) 5口 / 做空2412.TW(N/A) 4口,平倉(賣出),平倉(買回),89.83,109.53,5,4,0.0,0.48,305.0,-3998.0,0.86
2022-08-18,[網格1] 轉倉開倉(做空配對),做多3045.TW(N/A) 5口 / 做空2412.TW(N/A) 4口,做多,做空,89.39,109.08,5,4,238483.0,0.61,305.0,0.0,
2022-08-18,[網格2] 轉倉開倉(做空配對),做多3045.TW(N/A) 5口 / 做空2412.TW(N/A) 4口,做多,做空,89.39,109.08,5,4,238483.0,0.61,305.0,0.0,
2022-09-15,[網格1] 停利平倉(做空配對),停利平倉: 做多3045.TW(N/A) 5口 / 做空2412.TW(N/A) 4口,平倉(賣出),平倉(買回),86.29,105.97,5,4,461870.0,-0.13,304.0,-6347.0,0.61
2022-09-21,[網格2] 結算平倉(做空配對),做多3045.TW(N/A) 5口 / 做空2412.TW(N/A) 4口,平倉(賣出),平倉(買回),86.02,104.63,5,4,0.0,-1.66,304.0,1684.0,0.61
2022-09-22,[網格2] 轉倉開倉(做空配對),做多3045.TW(N/A) 5口 / 做空2412.TW(N/A) 4口,做多,做空,84.96,103.29,5,4,226258.0,-1.49,304.0,0.0,
2022-09-22,[網格2] 停利平倉(做空配對),停利平倉: 做多3045.TW(N/A) 5口 / 做空2412.TW(N/A) 4口,平倉(賣出),平倉(買回),84.96,103.29,5,4,0.0,-1.49,304.0,1684.0,-1.49
2022-09-22,[網格1] 開倉(做多配對),做空3045.TW(N/A) 5口 / 做多2412.TW(N/A) 4口,做空,做多,84.96,103.29,5,4,226258.0,-1.49,304.0,0.0,
2022-09-23,[網格2] 開倉(做多配對),做空3045.TW(N/A) 6口 / 做多2412.TW(N/A) 5口,做空,做多,85.4,102.4,6,5,502496.0,-2.8,371.0,0.0,
2022-10-14,[網格1] 停利平倉(做多配對),停利平倉: 做空3045.TW(N/A) 5口 / 做多2412.TW(N/A) 4口,平倉(買回),平倉(賣出),80.98,97.06,5,4,476370.0,0.53,302.0,-10342.0,-1.49
2022-10-19,[網格2] 結算平倉(做多配對),做空3045.TW(N/A) 6口 / 做多2412.TW(N/A) 5口,平倉(買回),平倉(賣出),80.54,95.73,6,5,0.0,0.32,368.0,-8742.0,-2.8
2022-10-20,[網格2] 轉倉開倉(做多配對),做空3045.TW(N/A) 1口 / 做多2412.TW(N/A) 1口,做空,做多,81.86,95.28,1,1,47829.0,-1.86,67.0,0.0,
2022-10-20,[網格1] 開倉(做多配對),做空3045.TW(N/A) 1口 / 做多2412.TW(N/A) 1口,做空,做多,81.86,95.28,1,1,47829.0,-1.86,67.0,0.0,
2022-11-15,[網格1] 停利平倉(做多配對),停利平倉: 做空3045.TW(N/A) 1口 / 做多2412.TW(N/A) 1口,平倉(買回),平倉(賣出),83.19,97.06,1,1,97337.0,0.12,67.0,840.0,-1.86
2022-11-16,[網格2] 結算平倉(做多配對),做空3045.TW(N/A) 1口 / 做多2412.TW(N/A) 1口,平倉(買回),平倉(賣出),82.04,96.62,1,1,0.0,1.94,67.0,2250.0,-1.86
2022-11-17,[網格2] 轉倉開倉(做多配對),做空3045.TW(N/A) 6口 / 做多2412.TW(N/A) 5口,做空,做多,81.51,96.17,6,5,261879.0,2.02,369.0,0.0,
2022-11-17,[網格2] 停利平倉(做多配對),停利平倉: 做空3045.TW(N/A) 6口 / 做多2412.TW(N/A) 5口,平倉(買回),平倉(賣出),81.51,96.17,6,5,0.0,2.02,369.0,1949.0,2.02
2022-11-17,[網格1] 開倉(做空配對),做多3045.TW(N/A) 6口 / 做空2412.TW(N/A) 5口,做多,做空,81.51,96.17,6,5,261879.0,2.02,369.0,0.0,
2022-11-17,[網格2] 開倉(做空配對),做多3045.TW(N/A) 6口 / 做空2412.TW(N/A) 5口,做多,做空,81.51,96.17,6,5,261879.0,2.02,369.0,0.0,
2022-12-07,[網格1] 停利平倉(做空配對),停利平倉: 做多3045.TW(N/A) 6口 / 做空2412.TW(N/A) 5口,平倉(賣出),平倉(買回),84.43,100.18,6,5,544039.0,-0.19,370.0,-5395.0,2.02
2022-12-08,[網格2] 停利平倉(做空配對),停利平倉: 做多3045.TW(N/A) 6口 / 做空2412.TW(N/A) 5口,平倉(賣出),平倉(買回),84.34,98.84,6,5,270073.0,-1.2,370.0,6901.0,2.02
2022-12-08,[網格1] 開倉(做多配對),做空3045.TW(N/A) 6口 / 做多2412.TW(N/A) 5口,做空,做多,84.34,98.84,6,5,540146.0,-1.2,370.0,0.0,
2022-12-15,[網格1] 停利平倉(做多配對),停利平倉: 做空3045.TW(N/A) 6口 / 做多2412.TW(N/A) 5口,平倉(買回),平倉(賣出),83.81,99.73,6,5,270415.0,0.01,370.0,14907.0,-1.2
2022-12-28,[網格1] 開倉(做空配對),做多3045.TW(N/A) 5口 / 做空2412.TW(N/A) 4口,做多,做空,83.37,101.51,5,4,222184.0,2.23,303.0,0.0,
2022-12-28,[網格2] 開倉(做空配對),做多3045.TW(N/A) 5口 / 做空2412.TW(N/A) 4口,做多,做空,83.37,101.51,5,4,222184.0,2.23,303.0,0.0,
2023-01-03,[網格1] 停利平倉(做空配對),停利平倉: 做多3045.TW(N/A) 5口 / 做空2412.TW(N/A) 4口,平倉(賣出),平倉(買回),84.43,100.62,5,4,445312.0,-0.1,303.0,17441.0,2.23
2023-01-09,[網格2] 停利平倉(做空配對),停利平倉: 做多3045.TW(N/A) 5口 / 做空2412.TW(N/A) 4口,平倉(賣出),平倉(買回),86.91,102.4,5,4,227925.0,-1.85,304.0,27973.0,2.23
2023-01-09,[網格1] 開倉(做多配對),做空3045.TW(N/A) 6口 / 做多2412.TW(N/A) 5口,做空,做多,86.91,102.4,6,5,506964.0,-1.85,371.0,0.0,
2023-01-11,[網格1] 停利平倉(做多配對),停利平倉: 做空3045.TW(N/A) 6口 / 做多2412.TW(N/A) 5口,平倉(買回),平倉(賣出),84.52,101.51,6,5,273966.0,0.6,371.0,19399.0,-1.85
2023-01-12,[網格1] 開倉(做空配對),做多3045.TW(N/A) 6口 / 做空2412.TW(N/A) 5口,做多,做空,83.81,101.07,6,5,272218.0,1.05,370.0,0.0,
2023-01-30,[網格1] 停利平倉(做空配對),停利平倉: 做多3045.TW(N/A) 6口 / 做空2412.TW(N/A) 5口,平倉(賣出),平倉(買回),85.67,101.96,6,5,276431.0,-0.85,371.0,13027.0,1.05
2023-02-13,[網格1] 開倉(做多配對),做空3045.TW(N/A) 6口 / 做多2412.TW(N/A) 5口,做空,做多,85.58,101.07,6,5,275086.0,-1.2,371.0,0.0,
2023-02-15,[網格1] 結算平倉(做多配對),做空3045.TW(N/A) 6口 / 做多2412.TW(N/A) 5口,平倉(買回),平倉(賣出),84.87,101.07,6,5,0.0,-0.07,371.0,8126.0,-1.2
2023-02-16,[網格1] 轉倉開倉(做多配對),做空3045.TW(N/A) 6口 / 做多2412.TW(N/A) 5口,做空,做多,85.14,101.51,6,5,274970.0,-0.1,371.0,0.0,
2023-02-24,[網格1] 停利平倉(做多配對),停利平倉: 做空3045.TW(N/A) 6口 / 做多2412.TW(N/A) 5口,平倉(買回),平倉(賣出),85.49,102.85,6,5,277346.0,2.13,371.0,8738.0,-0.1
2023-02-24,[網格1] 開倉(做空配對),做多3045.TW(N/A) 6口 / 做空2412.TW(N/A) 5口,做多,做空,85.49,102.85,6,5,554693.0,2.13,371.0,0.0,
2023-02-24,[網格2] 開倉(做空配對),做多3045.TW(N/A) 6口 / 做空2412.TW(N/A) 5口,做多,做空,85.49,102.85,6,5,554693.0,2.13,371.0,0.0,
2023-03-15,[網格1] 結算平倉(做空配對),做多3045.TW(N/A) 6口 / 做空2412.TW(N/A) 5口,平倉(賣出),平倉(買回),86.56,105.97,6,5,0.0,1.67,372.0,-18794.0,2.13
2023-03-15,[網格2] 結算平倉(做空配對),做多3045.TW(N/A) 6口 / 做空2412.TW(N/A) 5口,平倉(賣出),平倉(買回),86.56,105.97,6,5,0.0,1.67,372.0,-18794.0,2.13
2023-03-16,[網格1] 轉倉開倉(做空配對),做多3045.TW(N/A) 5口 / 做空2412.TW(N/A) 4口,做多,做空,87.09,105.97,5,4,232010.0,0.82,304.0,0.0,
2023-03-16,[網格2] 轉倉開倉(做空配對),做多3045.TW(N/A) 5口 / 做空2412.TW(N/A) 4口,做多,做空,87.09,105.97,5,4,232010.0,0.82,304.0,0.0,
2023-03-17,[網格1] 停利平倉(做空配對),停利平倉: 做多3045.TW(N/A) 5口 / 做空2412.TW(N/A) 4口,平倉(賣出),平倉(買回),87.62,105.08,5,4,463531.0,-0.86,304.0,12130.0,0.82
2023-03-24,[網格2] 停利平倉(做空配對),停利平倉: 做多3045.TW(N/A) 5口 / 做空2412.TW(N/A) 4口,平倉(賣出),平倉(買回),88.95,106.41,5,4,235000.0,-2.13,305.0,14719.0,0.82
2023-03-24,[網格1] 開倉(做多配對),做空3045.TW(N/A) 6口 / 做多2412.TW(N/A) 5口,做空,做多,88.95,106.41,6,5,522747.0,-2.13,373.0,0.0,
2023-03-24,[網格2] 開倉(做多配對),做空3045.TW(N/A) 6口 / 做多2412.TW(N/A) 5口,做空,做多,88.95,106.41,6,5,522747.0,-2.13,373.0,0.0,
2023-04-19,[網格1] 結算平倉(做多配對),做空3045.TW(N/A) 6口 / 做多2412.TW(N/A) 5口,平倉(買回),平倉(賣出),92.04,110.86,6,5,0.0,-0.07,374.0,6979.0,-2.13
2023-04-19,[網格2] 結算平倉(做多配對),做空3045.TW(N/A) 6口 / 做多2412.TW(N/A) 5口,平倉(買回),平倉(賣出),92.04,110.86,6,5,0.0,-0.07,374.0,6979.0,-2.13
2023-04-20,[網格1] 轉倉開倉(做多配對),做空3045.TW(N/A) 5口 / 做多2412.TW(N/A) 4口,做空,做多,91.16,111.31,5,4,243277.0,1.66,306.0,0.0,
2023-04-20,[網格2] 轉倉開倉(做多配對),做空3045.TW(N/A) 5口 / 做多2412.TW(N/A) 4口,做空,做多,91.16,111.31,5,4,243277.0,1.66,306.0,0.0,
2023-04-20,[網格1] 停利平倉(做多配對),停利平倉: 做空3045.TW(N/A) 5口 / 做多2412.TW(N/A) 4口,平倉(買回),平倉(賣出),91.16,111.31,5,4,0.0,1.66,306.0,7047.0,1.66
2023-04-20,[網格2] 停利平倉(做多配對),停利平倉: 做空3045.TW(N/A) 5口 / 做多2412.TW(N/A) 4口,平倉(買回),平倉(賣出),91.16,111.31,5,4,0.0,1.66,306.0,7047.0,1.66
2023-04-20,[網格1] 開倉(做空配對),做多3045.TW(N/A) 5口 / 做空2412.TW(N/A) 4口,做多,做空,91.16,111.31,5,4,243277.0,1.66,306.0,0.0,
2023-04-21,[網格2] 開倉(做空配對),做多3045.TW(N/A) 5口 / 做空2412.TW(N/A) 4口,做多,做空,90.72,112.2,5,4,487282.0,2.64,306.0,0.0,
2023-05-15,[網格1] 停利平倉(做空配對),停利平倉: 做多3045.TW(N/A) 5口 / 做空2412.TW(N/A) 4口,平倉(賣出),平倉(買回),91.6,111.75,5,4,488710.0,-0.25,306.0,557.0,1.66
2023-05-17,[網格2] 結算平倉(做空配對),做多3045.TW(N/A) 5口 / 做空2412.TW(N/A) 4口,平倉(賣出),平倉(買回),92.49,113.09,5,4,0.0,-0.51,307.0,10270.0,2.64
2023-05-18,[網格2] 轉倉開倉(做空配對),做多3045.TW(N/A) 5口 / 做空2412.TW(N/A) 4口,做多,做空,92.04,112.64,5,4,245914.0,-0.49,306.0,0.0,
2023-05-19,[網格1] 開倉(做空配對),做多3045.TW(N/A) 5口 / 做空2412.TW(N/A) 4口,做多,做空,92.04,113.54,5,4,493752.0,1.06,307.0,0.0,
2023-05-22,[網格1] 停利平倉(做空配對),停利平倉: 做多3045.TW(N/A) 5口 / 做空2412.TW(N/A) 4口,平倉(賣出),平倉(買回),92.04,111.75,5,4,489905.0,-2.01,306.0,13941.0,1.06
2023-05-22,[網格2] 停利平倉(做空配對),停利平倉: 做多3045.TW(N/A) 5口 / 做空2412.TW(N/A) 4口,平倉(賣出),平倉(買回),92.04,111.75,5,4,489905.0,-2.01,306.0,6817.0,-0.49
2023-05-22,[網格1] 開倉(做多配對),做空3045.TW(N/A) 5口 / 做多2412.TW(N/A) 4口,做空,做多,92.04,111.75,5,4,734857.0,-2.01,306.0,0.0,
2023-05-22,[網格2] 開倉(做多配對),做空3045.TW(N/A) 5口 / 做多2412.TW(N/A) 4口,做空,做多,92.04,111.75,5,4,734857.0,-2.01,306.0,0.0,
2023-05-25,[網格1] 停利平倉(做多配對),停利平倉: 做空3045.TW(N/A) 5口 / 做多2412.TW(N/A) 4口,平倉(買回),平倉(賣出),90.72,113.98,5,4,491129.0,3.47,306.0,30778.0,-2.01
2023-05-25,[網格2] 停利平倉(做多配對),停利平倉: 做空3045.TW(N/A) 5口 / 做多2412.TW(N/A) 4口,平倉(買回),平倉(賣出),90.72,113.98,5,4,491129.0,3.47,306.0,30778.0,-2.01
2023-05-25,[網格1] 開倉(做空配對),做多3045.TW(N/A) 5口 / 做空2412.TW(N/A) 4口,做多,做空,90.72,113.98,5,4,736693.0,3.47,306.0,0.0,
2023-05-25,[網格2] 開倉(做空配對),做多3045.TW(N/A) 5口 / 做空2412.TW(N/A) 4口,做多,做空,90.72,113.98,5,4,736693.0,3.47,306.0,0.0,
2023-05-30,[網格1] 停利平倉(做空配對),停利平倉: 做多3045.TW(N/A) 5口 / 做空2412.TW(N/A) 4口,平倉(賣出),平倉(買回),91.6,111.75,5,4,488710.0,-0.58,306.0,26353.0,3.47
2023-06-02,[網格2] 停利平倉(做空配對),停利平倉: 做多3045.TW(N/A) 5口 / 做空2412.TW(N/A) 4口,平倉(賣出),平倉(買回),92.04,111.75,5,4,244952.0,-1.28,306.0,30779.0,3.47
2023-06-02,[網格1] 開倉(做多配對),做空3045.TW(N/A) 5口 / 做多2412.TW(N/A) 4口,做空,做多,92.04,111.75,5,4,489905.0,-1.28,306.0,0.0,
2023-06-09,[網格1] 停利平倉(做多配對),停利平倉: 做空3045.TW(N/A) 5口 / 做多2412.TW(N/A) 4口,平倉(買回),平倉(賣出),91.16,111.75,5,4,243758.0,0.3,306.0,8544.0,-1.28
2023-06-20,[網格1] 開倉(做空配對),做多3045.TW(N/A) 5口 / 做空2412.TW(N/A) 4口,做多,做空,90.72,112.2,5,4,243641.0,1.08,306.0,0.0,
2023-06-21,[網格1] 結算平倉(做空配對),做多3045.TW(N/A) 5口 / 做空2412.TW(N/A) 4口,平倉(賣出),平倉(買回),89.83,112.2,5,4,0.0,1.91,306.0,-9156.0,1.08
2023-06-26,[網格1] 轉倉開倉(做空配對),做多3045.TW(N/A) 5口 / 做空2412.TW(N/A) 4口,做多,做空,89.39,110.42,5,4,239925.0,1.16,306.0,0.0,
2023-07-03,[網格1] 停利平倉(做空配對),停利平倉: 做多3045.TW(N/A) 5口 / 做空2412.TW(N/A) 4口,平倉(賣出),平倉(買回),87.84,106.53,5,4,233627.0,-0.51,305.0,15309.0,1.16
2023-07-06,[網格1] 開倉(做空配對),做多3045.TW(N/A) 5口 / 做空2412.TW(N/A) 4口,做多,做空,86.54,106.53,5,4,231880.0,1.17,304.0,0.0,
2023-07-11,[網格1] 停利平倉(做空配對),停利平倉: 做多3045.TW(N/A) 5口 / 做空2412.TW(N/A) 4口,平倉(賣出),平倉(買回),87.28,106.53,5,4,232878.0,-0.37,305.0,7092.0,1.17
2023-07-17,[網格1] 開倉(做空配對),做多3045.TW(N/A) 5口 / 做空2412.TW(N/A) 4口,做多,做空,87.37,107.92,5,4,234504.0,1.27,305.0,0.0,
2023-07-18,[網格1] 停利平倉(做空配對),停利平倉: 做多3045.TW(N/A) 5口 / 做空2412.TW(N/A) 4口,平倉(賣出),平倉(買回),87.0,106.53,5,4,232504.0,-0.01,304.0,7113.0,1.27
2023-07-24,[網格1] 開倉(做空配對),做多3045.TW(N/A) 5口 / 做空2412.TW(N/A) 4口,做多,做空,86.82,107.45,5,4,233255.0,2.18,305.0,0.0,
2023-07-24,[網格2] 開倉(做空配對),做多3045.TW(N/A) 5口 / 做空2412.TW(N/A) 4口,做多,做空,86.82,107.45,5,4,233255.0,2.18,305.0,0.0,
2023-07-28,[網格1] 停利平倉(做空配對),停利平倉: 做多3045.TW(N/A) 5口 / 做空2412.TW(N/A) 4口,平倉(賣出),平倉(買回),87.84,107.92,5,4,470256.0,-0.05,305.0,6160.0,2.18
2023-08-02,[網格1] 開倉(做空配對),做多3045.TW(N/A) 5口 / 做空2412.TW(N/A) 4口,做多,做空,87.0,107.45,5,4,467008.0,1.14,305.0,0.0,
2023-08-16,[網格1] 結算平倉(做空配對),做多3045.TW(N/A) 5口 / 做空2412.TW(N/A) 4口,平倉(賣出),平倉(買回),86.82,109.31,5,4,0.0,1.81,305.0,-16975.0,1.14
2023-08-16,[網格2] 結算平倉(做空配對),做多3045.TW(N/A) 5口 / 做空2412.TW(N/A) 4口,平倉(賣出),平倉(買回),86.82,109.31,5,4,0.0,1.81,305.0,-15126.0,2.18
2023-08-17,[網格1] 轉倉開倉(做空配對),做多3045.TW(N/A) 5口 / 做空2412.TW(N/A) 4口,做多,做空,86.73,107.92,5,4,233630.0,0.45,305.0,0.0,
2023-08-17,[網格2] 轉倉開倉(做空配對),做多3045.TW(N/A) 5口 / 做空2412.TW(N/A) 4口,做多,做空,86.73,107.92,5,4,233630.0,0.45,305.0,0.0,
2023-08-30,[網格1] 停利平倉(做空配對),停利平倉: 做多3045.TW(N/A) 5口 / 做空2412.TW(N/A) 4口,平倉(賣出),平倉(買回),87.0,108.38,5,4,469009.0,-0.51,305.0,-1236.0,0.45
2023-09-01,[網格2] 停利平倉(做空配對),停利平倉: 做多3045.TW(N/A) 5口 / 做空2412.TW(N/A) 4口,平倉(賣出),平倉(買回),86.82,107.92,5,4,233755.0,-1.17,305.0,620.0,0.45
2023-09-01,[網格1] 開倉(做多配對),做空3045.TW(N/A) 5口 / 做多2412.TW(N/A) 4口,做空,做多,86.82,107.92,5,4,467510.0,-1.17,305.0,0.0,
2023-09-04,[網格1] 停利平倉(做多配對),停利平倉: 做空3045.TW(N/A) 5口 / 做多2412.TW(N/A) 4口,平倉(買回),平倉(賣出),86.91,108.84,5,4,234880.0,0.39,305.0,6181.0,-1.17
2023-09-06,[網格1] 開倉(做空配對),做多3045.TW(N/A) 5口 / 做空2412.TW(N/A) 4口,做多,做空,86.36,108.38,5,4,233631.0,1.09,305.0,0.0,
2023-09-08,[網格1] 停利平倉(做空配對),停利平倉: 做多3045.TW(N/A) 5口 / 做空2412.TW(N/A) 4口,平倉(賣出),平倉(買回),86.45,107.92,5,4,233256.0,-0.45,305.0,4325.0,1.09
2023-09-12,[網格1] 開倉(做多配對),做空3045.TW(N/A) 5口 / 做多2412.TW(N/A) 4口,做空,做多,87.47,108.38,5,4,235129.0,-2.31,305.0,0.0,
2023-09-12,[網格2] 開倉(做多配對),做空3045.TW(N/A) 5口 / 做多2412.TW(N/A) 4口,做空,做多,87.47,108.38,5,4,235129.0,-2.31,305.0,0.0,
2023-09-20,[網格1] 結算平倉(做多配對),做空3045.TW(N/A) 5口 / 做多2412.TW(N/A) 4口,平倉(買回),平倉(賣出),87.84,108.38,5,4,0.0,-1.1,305.0,-4003.0,-2.31
2023-09-20,[網格2] 結算平倉(做多配對),做空3045.TW(N/A) 5口 / 做多2412.TW(N/A) 4口,平倉(買回),平倉(賣出),87.84,108.38,5,4,0.0,-1.1,305.0,-4003.0,-2.31
2023-09-21,[網格1] 轉倉開倉(做多配對),做空3045.TW(N/A) 5口 / 做多2412.TW(N/A) 4口,做空,做多,86.73,107.92,5,4,233630.0,0.13,305.0,0.0,
2023-09-21,[網格2] 轉倉開倉(做多配對),做空3045.TW(N/A) 5口 / 做多2412.TW(N/A) 4口,做空,做多,86.73,107.92,5,4,233630.0,0.13,305.0,0.0,
2023-09-21,[網格1] 停利平倉(做多配對),停利平倉: 做空3045.TW(N/A) 5口 / 做多2412.TW(N/A) 4口,平倉(買回),平倉(賣出),86.73,107.92,5,4,0.0,0.13,305.0,-4003.0,0.13
2023-09-26,[網格1] 開倉(做多配對),做空3045.TW(N/A) 5口 / 做多2412.TW(N/A) 4口,做空,做多,87.47,107.45,5,4,468257.0,-1.35,305.0,0.0,
2023-09-27,[網格1] 停利平倉(做多配對),停利平倉: 做空3045.TW(N/A) 5口 / 做多2412.TW(N/A) 4口,平倉(買回),平倉(賣出),86.82,107.92,5,4,467510.0,0.16,305.0,9873.0,-1.35
2023-09-28,[網格1] 開倉(做多配對),做空3045.TW(N/A) 5口 / 做多2412.TW(N/A) 4口,做空,做多,87.47,107.45,5,4,468257.0,-1.21,305.0,0.0,
2023-10-18,[網格1] 結算平倉(做多配對),做空3045.TW(N/A) 5口 / 做多2412.TW(N/A) 4口,平倉(買回),平倉(賣出),88.39,107.45,5,4,0.0,-1.27,305.0,-9551.0,-1.21
2023-10-18,[網格2] 結算平倉(做多配對),做空3045.TW(N/A) 5口 / 做多2412.TW(N/A) 4口,平倉(買回),平倉(賣出),88.39,107.45,5,4,0.0,-1.27,305.0,-20653.0,0.13
2023-10-19,[網格1] 轉倉開倉(做多配對),做空3045.TW(N/A) 5口 / 做多2412.TW(N/A) 4口,做空,做多,87.74,107.45,5,4,234503.0,-0.39,305.0,0.0,
2023-10-19,[網格2] 轉倉開倉(做多配對),做空3045.TW(N/A) 5口 / 做多2412.TW(N/A) 4口,做空,做多,87.74,107.45,5,4,234503.0,-0.39,305.0,0.0,
2023-10-20,[網格1] 停利平倉(做多配對),停利平倉: 做空3045.TW(N/A) 5口 / 做多2412.TW(N/A) 4口,平倉(買回),平倉(賣出),87.1,106.99,5,4,466258.0,0.01,305.0,2462.0,-0.39
2023-10-27,[網格1] 開倉(做多配對),做空3045.TW(N/A) 5口 / 做多2412.TW(N/A) 4口,做空,做多,88.3,106.99,5,4,469503.0,-1.34,305.0,0.0,
2023-11-02,[網格1] 停利平倉(做多配對),停利平倉: 做空3045.TW(N/A) 5口 / 做多2412.TW(N/A) 4口,平倉(買回),平倉(賣出),89.31,109.31,5,4,477251.0,0.12,305.0,8051.0,-1.34
2023-11-03,[網格1] 開倉(做多配對),做空3045.TW(N/A) 5口 / 做多2412.TW(N/A) 4口,做空,做多,89.68,108.84,5,4,477249.0,-1.45,305.0,0.0,
2023-11-15,[網格1] 結算平倉(做多配對),做空3045.TW(N/A) 5口 / 做多2412.TW(N/A) 4口,平倉(買回),平倉(賣出),90.15,109.31,5,4,0.0,-0.28,306.0,-1223.0,-1.45
2023-11-15,[網格2] 結算平倉(做多配對),做空3045.TW(N/A) 5口 / 做多2412.TW(N/A) 4口,平倉(買回),平倉(賣出),90.15,109.31,5,4,0.0,-0.28,306.0,-9524.0,-0.39
2023-11-16,[網格1] 轉倉開倉(做多配對),做空3045.TW(N/A) 6口 / 做多2412.TW(N/A) 5口,做空,做多,90.61,108.38,6,5,293100.0,-1.56,373.0,0.0,
2023-11-16,[網格2] 轉倉開倉(做多配對),做空3045.TW(N/A) 6口 / 做多2412.TW(N/A) 5口,做空,做多,90.61,108.38,6,5,293100.0,-1.56,373.0,0.0,
2023-11-24,[網格1] 停利平倉(做多配對),停利平倉: 做空3045.TW(N/A) 6口 / 做多2412.TW(N/A) 5口,平倉(買回),平倉(賣出),90.89,110.23,6,5,592100.0,0.36,374.0,14824.0,-1.56
2023-11-27,[網格2] 停利平倉(做多配對),停利平倉: 做空3045.TW(N/A) 6口 / 做多2412.TW(N/A) 5口,平倉(買回),平倉(賣出),91.07,111.16,6,5,297600.0,1.21,374.0,21868.0,-1.56
2023-11-27,[網格1] 開倉(做空配對),做多3045.TW(N/A) 5口 / 做空2412.TW(N/A) 4口,做多,做空,91.07,111.16,5,4,540598.0,1.21,306.0,0.0,
2023-12-05,[網格1] 停利平倉(做空配對),停利平倉: 做多3045.TW(N/A) 5口 / 做空2412.TW(N/A) 4口,平倉(賣出),平倉(買回),92.92,112.55,5,4,246995.0,-0.15,307.0,7069.0,1.21
2023-12-06,[網格1] 開倉(做空配對),做多3045.TW(N/A) 5口 / 做空2412.TW(N/A) 4口,做多,做空,92.46,113.01,5,4,246871.0,1.43,307.0,0.0,
2023-12-14,[網格1] 停利平倉(做空配對),停利平倉: 做多3045.TW(N/A) 5口 / 做空2412.TW(N/A) 4口,平倉(賣出),平倉(買回),91.44,110.7,5,4,242997.0,-0.52,306.0,8050.0,1.43
2023-12-15,[網格1] 開倉(做多配對),做空3045.TW(N/A) 6口 / 做多2412.TW(N/A) 5口,做空,做多,90.98,109.77,6,5,295575.0,-1.14,374.0,0.0,
2023-12-20,[網格1] 結算平倉(做多配對),做空3045.TW(N/A) 6口 / 做多2412.TW(N/A) 5口,平倉(買回),平倉(賣出),90.7,109.77,6,5,0.0,-0.64,374.0,2955.0,-1.14
2023-12-21,[網格1] 轉倉開倉(做多配對),做空3045.TW(N/A) 5口 / 做多2412.TW(N/A) 4口,做空,做多,90.24,109.31,5,4,239874.0,-0.26,306.0,0.0,
2023-12-25,[網格1] 停利平倉(做多配對),停利平倉: 做空3045.TW(N/A) 5口 / 做多2412.TW(N/A) 4口,平倉(買回),平倉(賣出),90.15,109.31,5,4,239749.0,0.16,306.0,619.0,-0.26
2023-12-26,[網格1] 開倉(做空配對),做多3045.TW(N/A) 5口 / 做空2412.TW(N/A) 4口,做多,做空,90.42,110.23,5,4,241124.0,1.53,306.0,0.0,
2024-01-02,[網格1] 停利平倉(做空配對),停利平倉: 做多3045.TW(N/A) 5口 / 做空2412.TW(N/A) 4口,平倉(賣出),平倉(買回),92.0,111.62,5,4,244746.0,-0.82,306.0,4296.0,1.53
2024-01-04,[網格1] 開倉(做多配對),做空3045.TW(N/A) 6口 / 做多2412.TW(N/A) 5口,做空,做多,91.44,110.23,6,5,296949.0,-2.22,374.0,0.0,
2024-01-04,[網格2] 開倉(做多配對),做空3045.TW(N/A) 6口 / 做多2412.TW(N/A) 5口,做空,做多,91.44,110.23,6,5,296949.0,-2.22,374.0,0.0,
2024-01-05,[網格1] 停利平倉(做多配對),停利平倉: 做空3045.TW(N/A) 6口 / 做多2412.TW(N/A) 5口,平倉(買回),平倉(賣出),91.07,110.7,6,5,593950.0,0.28,374.0,8696.0,-2.22
2024-01-11,[網格1] 開倉(做多配對),做空3045.TW(N/A) 5口 / 做多2412.TW(N/A) 4口,做空,做多,92.18,111.62,5,4,545019.0,-1.2,306.0,0.0,
2024-01-15,[網格1] 停利平倉(做多配對),停利平倉: 做空3045.TW(N/A) 5口 / 做多2412.TW(N/A) 4口,平倉(買回),平倉(賣出),91.63,111.62,5,4,543371.0,0.74,306.0,5241.0,-1.2
2024-01-17,[網格2] 結算平倉(做多配對),做空3045.TW(N/A) 6口 / 做多2412.TW(N/A) 5口,平倉(買回),平倉(賣出),89.87,109.77,6,5,0.0,1.82,374.0,13857.0,-2.22
2024-01-18,[網格2] 轉倉開倉(做多配對),做空3045.TW(N/A) 5口 / 做多2412.TW(N/A) 4口,做空,做多,89.96,109.77,5,4,240000.0,1.38,306.0,0.0,
2024-01-18,[網格2] 停利平倉(做多配對),停利平倉: 做空3045.TW(N/A) 5口 / 做多2412.TW(N/A) 4口,平倉(買回),平倉(賣出),89.96,109.77,5,4,0.0,1.38,306.0,13924.0,1.38
2024-01-18,[網格1] 開倉(做空配對),做多3045.TW(N/A) 5口 / 做空2412.TW(N/A) 4口,做多,做空,89.96,109.77,5,4,240000.0,1.38,306.0,0.0,
2024-01-23,[網格2] 開倉(做空配對),做多3045.TW(N/A) 5口 / 做空2412.TW(N/A) 4口,做多,做空,89.96,110.7,5,4,482000.0,2.13,306.0,0.0,
2024-01-26,[網格1] 停利平倉(做空配對),停利平倉: 做多3045.TW(N/A) 5口 / 做空2412.TW(N/A) 4口,平倉(賣出),平倉(買回),90.98,110.7,5,4,484746.0,-0.2,306.0,2454.0,1.38
2024-02-05,[網格1] 開倉(做空配對),做多3045.TW(N/A) 5口 / 做空2412.TW(N/A) 4口,做多,做空,91.07,112.55,5,4,488997.0,1.56,306.0,0.0,
2024-02-21,[網格1] 結算平倉(做空配對),做多3045.TW(N/A) 5口 / 做空2412.TW(N/A) 4口,平倉(賣出),平倉(買回),92.46,113.47,5,4,0.0,-0.41,307.0,6151.0,1.56
2024-02-21,[網格2] 結算平倉(做空配對),做多3045.TW(N/A) 5口 / 做空2412.TW(N/A) 4口,平倉(賣出),平倉(買回),92.46,113.47,5,4,0.0,-0.41,307.0,2425.0,2.13
2024-02-22,[網格1] 轉倉開倉(做空配對),做多3045.TW(N/A) 5口 / 做空2412.TW(N/A) 4口,做多,做空,92.37,113.01,5,4,246746.0,-0.77,307.0,0.0,
2024-02-22,[網格2] 轉倉開倉(做空配對),做多3045.TW(N/A) 5口 / 做空2412.TW(N/A) 4口,做多,做空,92.37,113.01,5,4,246746.0,-0.77,307.0,0.0,
2024-02-22,[網格1] 停利平倉(做空配對),停利平倉: 做多3045.TW(N/A) 5口 / 做空2412.TW(N/A) 4口,平倉(賣出),平倉(買回),92.37,113.01,5,4,0.0,-0.77,307.0,6152.0,-0.77
2024-03-04,[網格1] 開倉(做空配對),做多3045.TW(N/A) 5口 / 做空2412.TW(N/A) 4口,做多,做空,90.7,112.55,5,4,487999.0,1.19,306.0,0.0,
2024-03-08,[網格1] 停利平倉(做空配對),停利平倉: 做多3045.TW(N/A) 5口 / 做空2412.TW(N/A) 4口,平倉(賣出),平倉(買回),90.98,111.62,5,4,486747.0,-0.42,306.0,9878.0,1.19
2024-03-13,[網格2] 停利平倉(做空配對),停利平倉: 做多3045.TW(N/A) 5口 / 做空2412.TW(N/A) 4口,平倉(賣出),平倉(買回),92.09,112.08,5,4,245371.0,-1.73,306.0,4330.0,-0.77
2024-03-13,[網格1] 開倉(做多配對),做空3045.TW(N/A) 5口 / 做多2412.TW(N/A) 4口,做空,做多,92.09,112.08,5,4,490743.0,-1.73,306.0,0.0,
2024-03-15,[網格1] 停利平倉(做多配對),停利平倉: 做空3045.TW(N/A) 5口 / 做多2412.TW(N/A) 4口,平倉(買回),平倉(賣出),91.81,113.47,5,4,246498.0,0.33,307.0,13583.0,-1.73
2024-03-19,[網格1] 開倉(做空配對),做多3045.TW(N/A) 5口 / 做空2412.TW(N/A) 4口,做多,做空,91.07,113.94,5,4,245999.0,2.13,306.0,0.0,
2024-03-19,[網格2] 開倉(做空配對),做多3045.TW(N/A) 5口 / 做空2412.TW(N/A) 4口,做多,做空,91.07,113.94,5,4,245999.0,2.13,306.0,0.0,
2024-03-20,[網格1] 結算平倉(做空配對),做多3045.TW(N/A) 5口 / 做空2412.TW(N/A) 4口,平倉(賣出),平倉(買回),91.16,113.94,5,4,0.0,1.86,306.0,618.0,2.13
2024-03-20,[網格2] 結算平倉(做空配對),做多3045.TW(N/A) 5口 / 做空2412.TW(N/A) 4口,平倉(賣出),平倉(買回),91.16,113.94,5,4,0.0,1.86,306.0,618.0,2.13
2024-03-21,[網格1] 轉倉開倉(做空配對),做多3045.TW(N/A) 5口 / 做空2412.TW(N/A) 4口,做多,做空,91.9,114.4,5,4,247623.0,1.1,307.0,0.0,
2024-03-21,[網格2] 轉倉開倉(做空配對),做多3045.TW(N/A) 5口 / 做空2412.TW(N/A) 4口,做多,做空,91.9,114.4,5,4,247623.0,1.1,307.0,0.0,
2024-03-28,[網格1] 停利平倉(做空配對),停利平倉: 做多3045.TW(N/A) 5口 / 做空2412.TW(N/A) 4口,平倉(賣出),平倉(買回),94.31,116.25,5,4,505738.0,-1.1,307.0,8911.0,1.1
2024-03-28,[網格2] 停利平倉(做空配對),停利平倉: 做多3045.TW(N/A) 5口 / 做空2412.TW(N/A) 4口,平倉(賣出),平倉(買回),94.31,116.25,5,4,505738.0,-1.1,307.0,8911.0,1.1
2024-03-28,[網格1] 開倉(做多配對),做空3045.TW(N/A) 5口 / 做多2412.TW(N/A) 4口,做空,做多,94.31,116.25,5,4,758607.0,-1.1,307.0,0.0,
2024-04-01,[網格2] 開倉(做多配對),做空3045.TW(N/A) 5口 / 做多2412.TW(N/A) 4口,做空,做多,96.16,117.18,5,4,512732.0,-2.42,308.0,0.0,
2024-04-17,[網格1] 結算平倉(做多配對),做空3045.TW(N/A) 5口 / 做多2412.TW(N/A) 4口,平倉(買回),平倉(賣出),94.31,114.4,5,4,0.0,-0.77,307.0,-15128.0,-1.1
2024-04-17,[網格2] 結算平倉(做多配對),做空3045.TW(N/A) 5口 / 做多2412.TW(N/A) 4口,平倉(買回),平倉(賣出),94.31,114.4,5,4,0.0,-0.77,307.0,-4047.0,-2.42
2024-04-18,[網格1] 轉倉開倉(做多配對),做空3045.TW(N/A) 6口 / 做多2412.TW(N/A) 5口,做空,做多,95.69,114.86,6,5,310091.0,-1.43,376.0,0.0,
2024-04-18,[網格2] 轉倉開倉(做多配對),做空3045.TW(N/A) 6口 / 做多2412.TW(N/A) 5口,做空,做多,95.69,114.86,6,5,310091.0,-1.43,376.0,0.0,
2024-04-24,[網格1] 停利平倉(做多配對),停利平倉: 做空3045.TW(N/A) 6口 / 做多2412.TW(N/A) 5口,平倉(買回),平倉(賣出),94.31,115.33,6,5,616940.0,0.36,376.0,20898.0,-1.43
2024-04-26,[網格1] 開倉(做多配對),做空3045.TW(N/A) 6口 / 做多2412.TW(N/A) 5口,做空,做多,95.69,114.4,6,5,618932.0,-1.69,376.0,0.0,
2024-05-15,[網格1] 結算平倉(做多配對),做空3045.TW(N/A) 6口 / 做多2412.TW(N/A) 5口,平倉(買回),平倉(賣出),97.08,116.25,6,5,0.0,-0.67,377.0,1507.0,-1.69
2024-05-15,[網格2] 結算平倉(做多配對),做空3045.TW(N/A) 6口 / 做多2412.TW(N/A) 5口,平倉(買回),平倉(賣出),97.08,116.25,6,5,0.0,-0.67,377.0,-3124.0,-1.43
2024-05-16,[網格1] 轉倉開倉(做多配對),做空3045.TW(N/A) 6口 / 做多2412.TW(N/A) 5口,做空,做多,97.54,116.25,6,5,314963.0,-1.22,377.0,0.0,
2024-05-16,[網格2] 轉倉開倉(做多配對),做空3045.TW(N/A) 6口 / 做多2412.TW(N/A) 5口,做空,做多,97.54,116.25,6,5,314963.0,-1.22,377.0,0.0,
2024-05-28,[網格1] 停利平倉(做多配對),停利平倉: 做空3045.TW(N/A) 6口 / 做多2412.TW(N/A) 5口,平倉(買回),平倉(賣出),97.08,116.72,6,5,629678.0,0.99,377.0,9802.0,-1.22
2024-05-29,[網格2] 停利平倉(做多配對),停利平倉: 做空3045.TW(N/A) 6口 / 做多2412.TW(N/A) 5口,平倉(買回),平倉(賣出),95.23,115.79,6,5,310593.0,2.62,376.0,22730.0,-1.22
2024-05-29,[網格1] 開倉(做空配對),做多3045.TW(N/A) 5口 / 做空2412.TW(N/A) 4口,做多,做空,95.23,115.79,5,4,564210.0,2.62,308.0,0.0,
2024-05-29,[網格2] 開倉(做空配對),做多3045.TW(N/A) 5口 / 做空2412.TW(N/A) 4口,做多,做空,95.23,115.79,5,4,564210.0,2.62,308.0,0.0,
2024-06-03,[網格1] 停利平倉(做空配對),停利平倉: 做多3045.TW(N/A) 5口 / 做空2412.TW(N/A) 4口,平倉(賣出),平倉(買回),98.47,117.64,5,4,519973.0,-0.72,309.0,17231.0,2.62
2024-06-05,[網格2] 停利平倉(做空配對),停利平倉: 做多3045.TW(N/A) 5口 / 做空2412.TW(N/A) 4口,平倉(賣出),平倉(買回),98.93,117.64,5,4,260611.0,-1.21,309.0,21854.0,2.62
2024-06-05,[網格1] 開倉(做多配對),做空3045.TW(N/A) 6口 / 做多2412.TW(N/A) 5口,做空,做多,98.93,117.64,6,5,579696.0,-1.21,377.0,0.0,
2024-06-19,[網格1] 結算平倉(做多配對),做空3045.TW(N/A) 6口 / 做多2412.TW(N/A) 5口,平倉(買回),平倉(賣出),98.47,118.11,6,5,0.0,0.31,377.0,9802.0,-1.21
2024-06-20,[網格1] 轉倉開倉(做多配對),做空3045.TW(N/A) 6口 / 做多2412.TW(N/A) 5口,做空,做多,98.47,117.18,6,5,317711.0,-0.57,377.0,0.0,
2024-07-01,[網格1] 停損平倉(做多配對),停損平倉: 做空3045.TW(N/A) 6口 / 做多2412.TW(N/A) 5口,平倉(買回),平倉(賣出),100.78,117.18,6,5,321456.0,-3.22,378.0,-28115.0,-0.57
2024-07-01,[網格2] 開倉(做多配對),做空3045.TW(N/A) 1口 / 做多2412.TW(N/A) 1口,做空,做多,100.78,117.18,1,1,380305.0,-3.22,69.0,0.0,
2024-07-02,[網格2] 停損平倉(做多配對),停損平倉: 做空3045.TW(N/A) 1口 / 做多2412.TW(N/A) 1口,平倉(買回),平倉(賣出),103.09,116.25,1,1,59223.0,-3.67,69.0,-6544.0,-3.22
2024-08-06,[網格1] 開倉(做多配對),做空3045.TW(N/A) 1口 / 做多2412.TW(N/A) 1口,做空,做多,106.1,117.46,1,1,60362.0,-3.21,69.0,0.0,
2024-08-06,[網格2] 開倉(做多配對),做空3045.TW(N/A) 1口 / 做多2412.TW(N/A) 1口,做空,做多,106.1,117.46,1,1,60362.0,-3.21,69.0,0.0,
2024-08-16,[網格1] 停利平倉(做多配對),停利平倉: 做空3045.TW(N/A) 1口 / 做多2412.TW(N/A) 1口,平倉(買回),平倉(賣出),103.22,119.39,1,1,120209.0,0.3,69.0,9543.0,-3.21
2024-08-19,[網格1] 開倉(做多配對),做空3045.TW(N/A) 1口 / 做多2412.TW(N/A) 1口,做空,做多,105.14,118.91,1,1,120986.0,-1.07,69.0,0.0,
2024-08-21,[網格1] 結算平倉(做多配對),做空3045.TW(N/A) 1口 / 做多2412.TW(N/A) 1口,平倉(買回),平倉(賣出),105.62,118.91,1,1,0.0,-1.26,69.0,-1029.0,-1.07
2024-08-21,[網格2] 結算平倉(做多配對),做空3045.TW(N/A) 1口 / 做多2412.TW(N/A) 1口,平倉(買回),平倉(賣出),105.62,118.91,1,1,0.0,-1.26,69.0,3780.0,-3.21
2024-08-22,[網格1] 轉倉開倉(做多配對),做空3045.TW(N/A) 1口 / 做多2412.TW(N/A) 1口,做空,做多,105.62,119.39,1,1,60753.0,-0.92,69.0,0.0,
2024-08-22,[網格2] 轉倉開倉(做多配對),做空3045.TW(N/A) 1口 / 做多2412.TW(N/A) 1口,做空,做多,105.62,119.39,1,1,60753.0,-0.92,69.0,0.0,
2024-09-18,[網格1] 結算平倉(做多配對),做空3045.TW(N/A) 1口 / 做多2412.TW(N/A) 1口,平倉(買回),平倉(賣出),111.86,120.35,1,1,0.0,-1.35,69.0,-10626.0,-0.92
2024-09-18,[網格2] 結算平倉(做多配對),做空3045.TW(N/A) 1口 / 做多2412.TW(N/A) 1口,平倉(買回),平倉(賣出),111.86,120.35,1,1,0.0,-1.35,69.0,-10626.0,-0.92
2024-09-19,[網格1] 轉倉開倉(做多配對),做空3045.TW(N/A) 1口 / 做多2412.TW(N/A) 1口,做空,做多,111.38,120.35,1,1,62568.0,-1.0,69.0,0.0,
2024-09-19,[網格2] 轉倉開倉(做多配對),做空3045.TW(N/A) 1口 / 做多2412.TW(N/A) 1口,做空,做多,111.38,120.35,1,1,62568.0,-1.0,69.0,0.0,
2024-09-30,[網格1] 停利平倉(做多配對),停利平倉: 做空3045.TW(N/A) 1口 / 做多2412.TW(N/A) 1口,平倉(買回),平倉(賣出),110.42,120.83,1,1,124878.0,0.76,69.0,2814.0,-1.0
2024-10-04,[網格2] 停利平倉(做多配對),停利平倉: 做空3045.TW(N/A) 1口 / 做多2412.TW(N/A) 1口,平倉(買回),平倉(賣出),108.02,119.87,1,1,61531.0,2.57,69.0,5689.0,-1.0
2024-10-04,[網格1] 開倉(做空配對),做多3045.TW(N/A) 1口 / 做空2412.TW(N/A) 1口,做多,做空,108.02,119.87,1,1,123061.0,2.57,69.0,0.0,
2024-10-04,[網格2] 開倉(做空配對),做多3045.TW(N/A) 1口 / 做空2412.TW(N/A) 1口,做多,做空,108.02,119.87,1,1,123061.0,2.57,69.0,0.0,
2024-10-16,[網格1] 結算平倉(做空配對),做多3045.TW(N/A) 1口 / 做空2412.TW(N/A) 1口,平倉(賣出),平倉(買回),108.02,117.95,1,1,0.0,0.66,69.0,3782.0,2.57
2024-10-16,[網格2] 結算平倉(做空配對),做多3045.TW(N/A) 1口 / 做空2412.TW(N/A) 1口,平倉(賣出),平倉(買回),108.02,117.95,1,1,0.0,0.66,69.0,3782.0,2.57
2024-10-17,[網格1] 轉倉開倉(做空配對),做多3045.TW(N/A) 1口 / 做空2412.TW(N/A) 1口,做多,做空,109.46,117.95,1,1,61400.0,-0.5,69.0,0.0,
2024-10-17,[網格2] 轉倉開倉(做空配對),做多3045.TW(N/A) 1口 / 做空2412.TW(N/A) 1口,做多,做空,109.46,117.95,1,1,61400.0,-0.5,69.0,0.0,
2024-10-17,[網格1] 停利平倉(做空配對),停利平倉: 做多3045.TW(N/A) 1口 / 做空2412.TW(N/A) 1口,平倉(賣出),平倉(買回),109.46,117.95,1,1,0.0,-0.5,69.0,3782.0,-0.5
2024-10-24,[網格2] 停利平倉(做空配對),停利平倉: 做多3045.TW(N/A) 1口 / 做空2412.TW(N/A) 1口,平倉(賣出),平倉(買回),109.46,117.46,1,1,61270.0,-1.05,69.0,894.0,-0.5
2024-10-24,[網格1] 開倉(做多配對),做空3045.TW(N/A) 1口 / 做多2412.TW(N/A) 1口,做空,做多,109.46,117.46,1,1,122539.0,-1.05,69.0,0.0,
2024-10-28,[網格1] 停利平倉(做多配對),停利平倉: 做空3045.TW(N/A) 1口 / 做多2412.TW(N/A) 1口,平倉(買回),平倉(賣出),108.5,117.95,1,1,61140.0,0.07,69.0,2814.0,-1.05
2024-10-29,[網格1] 開倉(做多配對),做空3045.TW(N/A) 1口 / 做多2412.TW(N/A) 1口,做空,做多,110.9,117.95,1,1,61789.0,-2.15,69.0,0.0,
2024-10-29,[網格2] 開倉(做多配對),做空3045.TW(N/A) 1口 / 做多2412.TW(N/A) 1口,做空,做多,110.9,117.95,1,1,61789.0,-2.15,69.0,0.0,
2024-11-07,[網格1] 停利平倉(做多配對),停利平倉: 做空3045.TW(N/A) 1口 / 做多2412.TW(N/A) 1口,平倉(買回),平倉(賣出),108.98,118.43,1,1,122800.0,0.49,69.0,4734.0,-2.15
2024-11-15,[網格2] 停利平倉(做多配對),停利平倉: 做空3045.TW(N/A) 1口 / 做多2412.TW(N/A) 1口,平倉(買回),平倉(賣出),106.58,117.95,1,1,60622.0,2.96,69.0,8573.0,-2.15
2024-11-15,[網格1] 開倉(做空配對),做多3045.TW(N/A) 1口 / 做空2412.TW(N/A) 1口,做多,做空,106.58,117.95,1,1,121244.0,2.96,69.0,0.0,
2024-11-15,[網格2] 開倉(做空配對),做多3045.TW(N/A) 1口 / 做空2412.TW(N/A) 1口,做多,做空,106.58,117.95,1,1,121244.0,2.96,69.0,0.0,
2024-11-20,[網格1] 結算平倉(做空配對),做多3045.TW(N/A) 1口 / 做空2412.TW(N/A) 1口,平倉(賣出),平倉(買回),107.54,117.95,1,1,0.0,1.19,69.0,1851.0,2.96
2024-11-20,[網格2] 結算平倉(做空配對),做多3045.TW(N/A) 1口 / 做空2412.TW(N/A) 1口,平倉(賣出),平倉(買回),107.54,117.95,1,1,0.0,1.19,69.0,1851.0,2.96
2024-11-21,[網格1] 轉倉開倉(做空配對),做多3045.TW(N/A) 1口 / 做空2412.TW(N/A) 1口,做多,做空,108.02,118.43,1,1,61141.0,0.97,69.0,0.0,
2024-11-21,[網格2] 轉倉開倉(做空配對),做多3045.TW(N/A) 1口 / 做空2412.TW(N/A) 1口,做多,做空,108.02,118.43,1,1,61141.0,0.97,69.0,0.0,
2024-11-25,[網格1] 停利平倉(做空配對),停利平倉: 做多3045.TW(N/A) 1口 / 做空2412.TW(N/A) 1口,平倉(賣出),平倉(買回),110.42,118.91,1,1,123838.0,-0.79,69.0,3769.0,0.97
2024-12-03,[網格1] 開倉(做空配對),做多3045.TW(N/A) 1口 / 做空2412.TW(N/A) 1口,做多,做空,108.02,118.91,1,1,122542.0,1.01,69.0,0.0,
2024-12-09,[網格1] 停利平倉(做空配對),停利平倉: 做多3045.TW(N/A) 1口 / 做空2412.TW(N/A) 1口,平倉(賣出),平倉(買回),109.94,119.87,1,1,124098.0,-0.5,69.0,1846.0,1.01
2024-12-13,[網格2] 停利平倉(做空配對),停利平倉: 做多3045.TW(N/A) 1口 / 做空2412.TW(N/A) 1口,平倉(賣出),平倉(買回),109.94,118.91,1,1,61789.0,-1.24,69.0,2809.0,0.97
2024-12-13,[網格1] 開倉(做多配對),做空3045.TW(N/A) 1口 / 做多2412.TW(N/A) 1口,做空,做多,109.94,118.91,1,1,123579.0,-1.24,69.0,0.0,
2024-12-16,[網格2] 開倉(做多配對),做空3045.TW(N/A) 1口 / 做多2412.TW(N/A) 1口,做空,做多,112.34,118.43,1,1,124615.0,-2.99,69.0,0.0,
2024-12-18,[網格1] 結算平倉(做多配對),做空3045.TW(N/A) 1口 / 做多2412.TW(N/A) 1口,平倉(買回),平倉(賣出),111.38,119.39,1,1,0.0,-1.26,69.0,-1987.0,-1.24
2024-12-18,[網格2] 結算平倉(做多配對),做空3045.TW(N/A) 1口 / 做多2412.TW(N/A) 1口,平倉(買回),平倉(賣出),111.38,119.39,1,1,0.0,-1.26,69.0,3777.0,-2.99
2024-12-19,[網格1] 轉倉開倉(做多配對),做空3045.TW(N/A) 1口 / 做多2412.TW(N/A) 1口,做空,做多,111.38,118.91,1,1,62178.0,-1.35,69.0,0.0,
2024-12-19,[網格2] 轉倉開倉(做多配對),做空3045.TW(N/A) 1口 / 做多2412.TW(N/A) 1口,做空,做多,111.38,118.91,1,1,62178.0,-1.35,69.0,0.0,
2024-12-20,[網格1] 停利平倉(做多配對),停利平倉: 做空3045.TW(N/A) 1口 / 做多2412.TW(N/A) 1口,平倉(買回),平倉(賣出),108.5,118.43,1,1,122541.0,0.48,69.0,4729.0,-1.35
2025-01-02,[網格2] 停利平倉(做多配對),停利平倉: 做空3045.TW(N/A) 1口 / 做多2412.TW(N/A) 1口,平倉(買回),平倉(賣出),108.02,118.43,1,1,61141.0,1.02,69.0,5689.0,-1.35
2025-01-02,[網格1] 開倉(做空配對),做多3045.TW(N/A) 1口 / 做空2412.TW(N/A) 1口,做多,做空,108.02,118.43,1,1,122282.0,1.02,69.0,0.0,
2025-01-08,[網格2] 開倉(做空配對),做多3045.TW(N/A) 1口 / 做空2412.TW(N/A) 1口,做多,做空,106.58,118.91,1,1,121764.0,2.03,69.0,0.0,
2025-01-15,[網格1] 結算平倉(做空配對),做多3045.TW(N/A) 1口 / 做空2412.TW(N/A) 1口,平倉(賣出),平倉(買回),106.58,118.91,1,1,0.0,1.51,69.0,-3912.0,1.02
2025-01-15,[網格2] 結算平倉(做空配對),做多3045.TW(N/A) 1口 / 做空2412.TW(N/A) 1口,平倉(賣出),平倉(買回),106.58,118.91,1,1,0.0,1.51,69.0,-69.0,2.03
2025-01-16,[網格1] 轉倉開倉(做空配對),做多3045.TW(N/A) 1口 / 做空2412.TW(N/A) 1口,做多,做空,106.58,119.39,1,1,61012.0,1.58,69.0,0.0,
2025-01-16,[網格2] 轉倉開倉(做空配對),做多3045.TW(N/A) 1口 / 做空2412.TW(N/A) 1口,做多,做空,106.58,119.39,1,1,61012.0,1.58,69.0,0.0,
2025-02-14,[網格1] 停利平倉(做空配對),停利平倉: 做多3045.TW(N/A) 1口 / 做空2412.TW(N/A) 1口,平倉(賣出),平倉(買回),108.02,120.83,1,1,123581.0,-0.28,69.0,-77.0,1.58
2025-02-19,[網格2] 結算平倉(做空配對),做多3045.TW(N/A) 1口 / 做空2412.TW(N/A) 1口,平倉(賣出),平倉(買回),107.54,121.8,1,1,0.0,0.97,69.0,-2963.0,1.58
2025-02-20,[網格2] 轉倉開倉(做空配對),做多3045.TW(N/A) 1口 / 做空2412.TW(N/A) 1口,做多,做空,107.54,121.8,1,1,61921.0,0.98,69.0,0.0,
2025-02-25,[網格2] 停利平倉(做空配對),停利平倉: 做多3045.TW(N/A) 1口 / 做空2412.TW(N/A) 1口,平倉(賣出),平倉(買回),108.98,121.8,1,1,62310.0,-1.55,69.0,2811.0,0.98
2025-02-25,[網格1] 開倉(做多配對),做空3045.TW(N/A) 1口 / 做多2412.TW(N/A) 1口,做空,做多,108.98,121.8,1,1,124620.0,-1.55,69.0,0.0,
2025-03-03,[網格1] 停損平倉(做多配對),停損平倉: 做空3045.TW(N/A) 1口 / 做多2412.TW(N/A) 1口,平倉(買回),平倉(賣出),111.86,123.72,1,1,63608.0,-3.01,69.0,-1979.0,-1.55
2025-03-03,[網格2] 開倉(做多配對),做空3045.TW(N/A) 1口 / 做多2412.TW(N/A) 1口,做空,做多,111.86,123.72,1,1,127215.0,-3.01,69.0,0.0,
2025-03-05,[網格1] 開倉(做多配對),做空3045.TW(N/A) 1口 / 做多2412.TW(N/A) 1口,做空,做多,110.42,122.76,1,1,125918.0,-1.49,69.0,0.0,
2025-03-19,[網格1] 結算平倉(做多配對),做空3045.TW(N/A) 1口 / 做多2412.TW(N/A) 1口,平倉(買回),平倉(賣出),111.86,123.72,1,1,0.0,-0.48,69.0,-1024.0,-1.49
2025-03-19,[網格2] 結算平倉(做多配對),做空3045.TW(N/A) 1口 / 做多2412.TW(N/A) 1口,平倉(買回),平倉(賣出),111.86,123.72,1,1,0.0,-0.48,69.0,-69.0,-3.01
2025-03-20,[網格1] 轉倉開倉(做多配對),做空3045.TW(N/A) 1口 / 做多2412.TW(N/A) 1口,做空,做多,112.82,124.2,1,1,63997.0,-0.91,69.0,0.0,
2025-03-20,[網格2] 轉倉開倉(做多配對),做空3045.TW(N/A) 1口 / 做多2412.TW(N/A) 1口,做空,做多,112.82,124.2,1,1,63997.0,-0.91,69.0,0.0,
2025-03-28,[網格1] 停利平倉(做多配對),停利平倉: 做空3045.TW(N/A) 1口 / 做多2412.TW(N/A) 1口,平倉(買回),平倉(賣出),112.82,125.17,1,1,128514.0,0.79,70.0,1856.0,-0.91
2025-04-01,[網格2] 停利平倉(做多配對),停利平倉: 做空3045.TW(N/A) 1口 / 做多2412.TW(N/A) 1口,平倉(買回),平倉(賣出),111.38,125.17,1,1,63868.0,2.73,69.0,4737.0,-0.91
2025-04-01,[網格1] 開倉(做空配對),做多3045.TW(N/A) 1口 / 做空2412.TW(N/A) 1口,做多,做空,111.38,125.17,1,1,127736.0,2.73,69.0,0.0,
2025-04-01,[網格2] 開倉(做空配對),做多3045.TW(N/A) 1口 / 做空2412.TW(N/A) 1口,做多,做空,111.38,125.17,1,1,127736.0,2.73,69.0,0.0,
2025-04-09,[網格1] 停利平倉(做空配對),停利平倉: 做多3045.TW(N/A) 1口 / 做空2412.TW(N/A) 1口,平倉(賣出),平倉(買回),110.42,121.32,1,1,125138.0,-0.18,69.0,5713.0,2.73
2025-04-10,[網格2] 停利平倉(做空配對),停利平倉: 做多3045.TW(N/A) 1口 / 做空2412.TW(N/A) 1口,平倉(賣出),平倉(買回),114.26,122.28,1,1,63866.0,-2.67,69.0,11469.0,2.73
2025-04-10,[網格1] 開倉(做多配對),做空3045.TW(N/A) 1口 / 做多2412.TW(N/A) 1口,做空,做多,114.26,122.28,1,1,127732.0,-2.67,69.0,0.0,
2025-04-10,[網格2] 開倉(做多配對),做空3045.TW(N/A) 1口 / 做多2412.TW(N/A) 1口,做空,做多,114.26,122.28,1,1,127732.0,-2.67,69.0,0.0,
2025-04-14,[網格1] 停利平倉(做多配對),停利平倉: 做空3045.TW(N/A) 1口 / 做多2412.TW(N/A) 1口,平倉(買回),平倉(賣出),110.42,122.76,1,1,125918.0,0.75,69.0,8575.0,-2.67
2025-04-15,[網格2] 停利平倉(做多配對),停利平倉: 做空3045.TW(N/A) 1口 / 做多2412.TW(N/A) 1口,平倉(買回),平倉(賣出),109.94,124.2,1,1,63219.0,1.72,69.0,12424.0,-2.67
2025-04-15,[網格1] 開倉(做空配對),做多3045.TW(N/A) 1口 / 做空2412.TW(N/A) 1口,做多,做空,109.94,124.2,1,1,126438.0,1.72,69.0,0.0,
2025-04-16,[網格1] 結算平倉(做空配對),做多3045.TW(N/A) 1口 / 做空2412.TW(N/A) 1口,平倉(賣出),平倉(買回),113.3,123.72,1,1,0.0,-1.0,69.0,7615.0,1.72
2025-04-17,[網格1] 轉倉開倉(做空配對),做多3045.TW(N/A) 1口 / 做空2412.TW(N/A) 1口,做多,做空,109.94,123.24,1,1,62959.0,1.13,69.0,0.0,
2025-05-21,[網格1] 結算平倉(做空配對),做多3045.TW(N/A) 1口 / 做空2412.TW(N/A) 1口,平倉(賣出),平倉(買回),110.9,127.57,1,1,0.0,0.48,70.0,-6815.0,1.13
2025-05-22,[網格1] 轉倉開倉(做空配對),做多3045.TW(N/A) 1口 / 做空2412.TW(N/A) 1口,做多,做空,111.86,128.06,1,1,64777.0,-0.34,70.0,0.0,
2025-05-22,[網格1] 停利平倉(做空配對),停利平倉: 做多3045.TW(N/A) 1口 / 做空2412.TW(N/A) 1口,平倉(賣出),平倉(買回),111.86,128.06,1,1,0.0,-0.34,70.0,-6815.0,-0.34
2025-05-23,[網格1] 開倉(做多配對),做空3045.TW(N/A) 1口 / 做多2412.TW(N/A) 1口,做空,做多,112.34,128.06,1,1,64907.0,-1.21,70.0,0.0,
2025-06-02,[網格1] 停利平倉(做多配對),停利平倉: 做空3045.TW(N/A) 1口 / 做多2412.TW(N/A) 1口,平倉(買回),平倉(賣出),108.98,126.61,1,1,63610.0,2.07,69.0,3763.0,-1.21
2025-06-02,[網格1] 開倉(做空配對),做多3045.TW(N/A) 1口 / 做空2412.TW(N/A) 1口,做多,做空,108.98,126.61,1,1,127219.0,2.07,69.0,0.0,
2025-06-02,[網格2] 開倉(做空配對),做多3045.TW(N/A) 1口 / 做空2412.TW(N/A) 1口,做多,做空,108.98,126.61,1,1,127219.0,2.07,69.0,0.0,
2025-06-05,[網格1] 停利平倉(做空配對),停利平倉: 做多3045.TW(N/A) 1口 / 做空2412.TW(N/A) 1口,平倉(賣出),平倉(買回),109.46,125.17,1,1,126699.0,-0.32,69.0,3779.0,2.07
2025-06-09,[網格1] 開倉(做空配對),做多3045.TW(N/A) 1口 / 做空2412.TW(N/A) 1口,做多,做空,109.94,127.57,1,1,128258.0,1.34,70.0,0.0,
2025-06-11,[網格1] 停利平倉(做空配對),停利平倉: 做多3045.TW(N/A) 1口 / 做空2412.TW(N/A) 1口,平倉(賣出),平倉(買回),111.38,128.06,1,1,129296.0,-0.12,70.0,1848.0,1.34
2025-06-12,[網格1] 開倉(做空配對),做多3045.TW(N/A) 1口 / 做空2412.TW(N/A) 1口,做多,做空,110.9,129.02,1,1,129556.0,1.31,70.0,0.0,
2025-06-18,[網格1] 結算平倉(做空配對),做多3045.TW(N/A) 1口 / 做空2412.TW(N/A) 1口,平倉(賣出),平倉(買回),113.78,131.91,1,1,0.0,0.02,70.0,-86.0,1.31
2025-06-18,[網格2] 結算平倉(做空配對),做多3045.TW(N/A) 1口 / 做空2412.TW(N/A) 1口,平倉(賣出),平倉(買回),113.78,131.91,1,1,0.0,0.02,70.0,-1059.0,2.07
2025-06-19,[網格1] 轉倉開倉(做空配對),做多3045.TW(N/A) 1口 / 做空2412.TW(N/A) 1口,做多,做空,112.82,131.43,1,1,65947.0,0.63,70.0,0.0,
2025-06-19,[網格2] 轉倉開倉(做空配對),做多3045.TW(N/A) 1口 / 做空2412.TW(N/A) 1口,做多,做空,112.82,131.43,1,1,65947.0,0.63,70.0,0.0,
2025-06-24,[網格1] 停損平倉(做空配對),停損平倉: 做多3045.TW(N/A) 1口 / 做空2412.TW(N/A) 1口,平倉(賣出),平倉(買回),108.02,130.46,1,1,128781.0,3.21,70.0,-7746.0,0.63
2025-06-24,[網格2] 停損平倉(做空配對),停損平倉: 做多3045.TW(N/A) 1口 / 做空2412.TW(N/A) 1口,平倉(賣出),平倉(買回),108.02,130.46,1,1,128781.0,3.21,70.0,-7746.0,0.63
2025-06-25,[網格1] 開倉(做空配對),做多3045.TW(N/A) 6口 / 做空2412.TW(N/A) 5口,做多,做空,111.38,131.91,6,5,358511.0,1.29,383.0,0.0,
2025-06-26,[網格2] 開倉(做空配對),做多3045.TW(N/A) 6口 / 做空2412.TW(N/A) 5口,做多,做空,109.46,131.91,6,5,710800.0,2.28,383.0,0.0,
2025-07-04,[網格1] 停利平倉(做空配對),停利平倉: 做多3045.TW(N/A) 6口 / 做空2412.TW(N/A) 5口,平倉(賣出),平倉(買回),111.86,130.5,6,5,714778.0,-0.46,383.0,19449.0,1.29
2025-07-07,[網格1] 開倉(做空配對),做多3045.TW(N/A) 6口 / 做空2412.TW(N/A) 5口,做多,做空,108.5,130.0,6,5,702540.0,1.62,382.0,0.0,
2025-07-16,[網格1] 結算平倉(做空配對),做多3045.TW(N/A) 6口 / 做空2412.TW(N/A) 5口,平倉(賣出),平倉(買回),106.5,130.5,6,5,0.0,1.7,382.0,-29382.0,1.62
2025-07-16,[網格2] 結算平倉(做空配對),做多3045.TW(N/A) 6口 / 做空2412.TW(N/A) 5口,平倉(賣出),平倉(買回),106.5,130.5,6,5,0.0,1.7,382.0,-21833.0,2.28
2025-07-17,[網格1] 轉倉開倉(做空配對),做多3045.TW(N/A) 5口 / 做空2412.TW(N/A) 4口,做多,做空,106.5,130.5,5,4,284715.0,1.53,312.0,0.0,
2025-07-17,[網格2] 轉倉開倉(做空配對),做多3045.TW(N/A) 5口 / 做空2412.TW(N/A) 4口,做多,做空,106.5,130.5,5,4,284715.0,1.53,312.0,0.0,
2025-07-30,[網格1] 停利平倉(做空配對),停利平倉: 做多3045.TW(N/A) 5口 / 做空2412.TW(N/A) 4口,平倉(賣出),平倉(買回),107.5,129.5,5,4,569970.0,-0.24,312.0,17688.0,1.53
2025-08-05,[網格1] 開倉(做空配對),做多3045.TW(N/A) 5口 / 做空2412.TW(N/A) 4口,做多,做空,106.5,132.0,5,4,572670.0,2.16,312.0,0.0,
2025-08-20,[網格1] 結算平倉(做空配對),做多3045.TW(N/A) 5口 / 做空2412.TW(N/A) 4口,平倉(賣出),平倉(買回),108.0,136.5,5,4,0.0,0.92,313.0,-21313.0,2.16
2025-08-20,[網格2] 結算平倉(做空配對),做多3045.TW(N/A) 5口 / 做空2412.TW(N/A) 4口,平倉(賣出),平倉(買回),108.0,136.5,5,4,0.0,0.92,313.0,-33313.0,1.53
2025-08-21,[網格1] 轉倉開倉(做空配對),做多3045.TW(N/A) 5口 / 做空2412.TW(N/A) 4口,做多,做空,108.5,137.5,5,4,294975.0,0.96,314.0,0.0,
2025-08-21,[網格2] 轉倉開倉(做空配對),做多3045.TW(N/A) 5口 / 做空2412.TW(N/A) 4口,做多,做空,108.5,137.5,5,4,294975.0,0.96,314.0,0.0,
2025-08-29,[網格1] 停利平倉(做空配對),停利平倉: 做多3045.TW(N/A) 5口 / 做空2412.TW(N/A) 4口,平倉(賣出),平倉(買回),106.5,132.5,5,4,573750.0,-0.89,312.0,19688.0,0.96
2025-09-05,[網格1] 開倉(做空配對),做多3045.TW(N/A) 5口 / 做空2412.TW(N/A) 4口,做多,做空,106.0,134.5,5,4,576720.0,1.17,313.0,0.0,
2025-09-08,[網格1] 停利平倉(做空配對),停利平倉: 做多3045.TW(N/A) 5口 / 做空2412.TW(N/A) 4口,平倉(賣出),平倉(買回),107.0,134.5,5,4,579420.0,-0.75,313.0,9687.0,1.17
2025-09-17,[網格2] 結算平倉(做空配對),做多3045.TW(N/A) 5口 / 做空2412.TW(N/A) 4口,平倉(賣出),平倉(買回),106.0,134.5,5,4,0.0,1.48,313.0,-1313.0,0.96
2025-09-18,[網格2] 轉倉開倉(做空配對),做多3045.TW(N/A) 5口 / 做空2412.TW(N/A) 4口,做多,做空,106.5,134.0,5,4,288495.0,-0.34,313.0,0.0,
2025-09-19,[網格1] 開倉(做空配對),做多3045.TW(N/A) 5口 / 做空2412.TW(N/A) 4口,做多,做空,105.5,134.0,5,4,574290.0,1.63,313.0,0.0,
2025-09-22,[網格1] 停利平倉(做空配對),停利平倉: 做多3045.TW(N/A) 5口 / 做空2412.TW(N/A) 4口,平倉(賣出),平倉(買回),106.0,133.5,5,4,574560.0,-0.08,313.0,8687.0,1.63
2025-09-26,[網格2] 停利平倉(做空配對),停利平倉: 做多3045.TW(N/A) 5口 / 做空2412.TW(N/A) 4口,平倉(賣出),平倉(買回),107.0,134.5,5,4,289710.0,-1.2,313.0,687.0,-0.34
2025-09-26,[網格1] 開倉(做多配對),做空3045.TW(N/A) 5口 / 做多2412.TW(N/A) 4口,做空,做多,107.0,134.5,5,4,579420.0,-1.2,313.0,0.0,
2025-09-30,[網格1] 停損平倉(做多配對),停損平倉: 做空3045.TW(N/A) 5口 / 做多2412.TW(N/A) 4口,平倉(買回),平倉(賣出),109.0,133.5,5,4,291330.0,-3.82,313.0,-28313.0,-1.2
2025-09-30,[網格2] 開倉(做多配對),做空3045.TW(N/A) 5口 / 做多2412.TW(N/A) 4口,做空,做多,109.0,133.5,5,4,582660.0,-3.82,313.0,0.0,
2025-10-01,[網格1] 開倉(做多配對),做空3045.TW(N/A) 5口 / 做多2412.TW(N/A) 4口,做空,做多,108.5,134.5,5,4,583470.0,-1.92,313.0,0.0,
2025-10-15,[網格1] 結算平倉(做多配對),做空3045.TW(N/A) 5口 / 做多2412.TW(N/A) 4口,平倉(買回),平倉(賣出),109.0,131.5,5,4,0.0,-1.11,313.0,-29313.0,-1.92
2025-10-15,[網格2] 結算平倉(做多配對),做空3045.TW(N/A) 5口 / 做多2412.TW(N/A) 4口,平倉(買回),平倉(賣出),109.0,131.5,5,4,0.0,-1.11,313.0,-16313.0,-3.82
2025-10-16,[網格1] 轉倉開倉(做多配對),做空3045.TW(N/A) 6口 / 做多2412.TW(N/A) 5口,做空,做多,110.0,132.0,6,5,356400.0,-1.25,383.0,0.0,
2025-10-16,[網格2] 轉倉開倉(做多配對),做空3045.TW(N/A) 6口 / 做多2412.TW(N/A) 5口,做空,做多,110.0,132.0,6,5,356400.0,-1.25,383.0,0.0,
2025-11-05,[網格1] 停利平倉(做多配對),停利平倉: 做空3045.TW(N/A) 6口 / 做多2412.TW(N/A) 5口,平倉(買回),平倉(賣出),109.5,132.0,6,5,711180.0,1.32,383.0,5617.0,-1.25
2025-11-05,[網格2] 停利平倉(做多配對),停利平倉: 做空3045.TW(N/A) 6口 / 做多2412.TW(N/A) 5口,平倉(買回),平倉(賣出),109.5,132.0,6,5,711180.0,1.32,383.0,5617.0,-1.25
2025-11-05,[網格1] 開倉(做空配對),做多3045.TW(N/A) 6口 / 做空2412.TW(N/A) 5口,做多,做空,109.5,132.0,6,5,1066770.0,1.32,383.0,0.0,
2025-11-07,[網格1] 停利平倉(做空配對),停利平倉: 做多3045.TW(N/A) 6口 / 做空2412.TW(N/A) 5口,平倉(賣出),平倉(買回),111.0,132.5,6,5,358695.0,-0.26,383.0,12617.0,1.32
2025-11-10,[網格1] 開倉(做空配對),做多3045.TW(N/A) 6口 / 做空2412.TW(N/A) 5口,做多,做空,110.5,133.0,6,5,358560.0,1.22,383.0,0.0,
2025-11-12,[網格1] 停利平倉(做空配對),停利平倉: 做多3045.TW(N/A) 6口 / 做空2412.TW(N/A) 5口,平倉(賣出),平倉(買回),111.0,132.0,6,5,358020.0,-0.79,383.0,15617.0,1.22
2025-11-13,[網格1] 開倉(做空配對),做多3045.TW(N/A) 5口 / 做空2412.TW(N/A) 4口,做多,做空,108.5,131.5,5,4,288495.0,2.55,313.0,0.0,
2025-11-13,[網格2] 開倉(做空配對),做多3045.TW(N/A) 5口 / 做空2412.TW(N/A) 4口,做多,做空,108.5,131.5,5,4,288495.0,2.55,313.0,0.0,
2025-11-19,[網格1] 結算平倉(做空配對),做多3045.TW(N/A) 5口 / 做空2412.TW(N/A) 4口,平倉(賣出),平倉(買回),106.5,130.5,5,4,0.0,2.02,312.0,-12312.0,2.55
2025-11-19,[網格2] 結算平倉(做空配對),做多3045.TW(N/A) 5口 / 做空2412.TW(N/A) 4口,平倉(賣出),平倉(買回),106.5,130.5,5,4,0.0,2.02,312.0,-12312.0,2.55
2025-11-20,[網格1] 轉倉開倉(做空配對),做多3045.TW(N/A) 5口 / 做空2412.TW(N/A) 4口,做多,做空,108.0,132.0,5,4,288360.0,1.46,313.0,0.0,
2025-11-20,[網格2] 轉倉開倉(做空配對),做多3045.TW(N/A) 5口 / 做空2412.TW(N/A) 4口,做多,做空,108.0,132.0,5,4,288360.0,1.46,313.0,0.0,
2025-11-26,[網格1] 停利平倉(做空配對),停利平倉: 做多3045.TW(N/A) 5口 / 做空2412.TW(N/A) 4口,平倉(賣出),平倉(買回),109.0,131.0,5,4,577260.0,-0.31,313.0,17687.0,1.46
2025-12-03,[網格1] 開倉(做空配對),做多3045.TW(N/A) 5口 / 做空2412.TW(N/A) 4口,做多,做空,106.0,130.0,5,4,567000.0,1.23,312.0,0.0,
2025-12-17,[網格1] 結算平倉(做空配對),做多3045.TW(N/A) 5口 / 做空2412.TW(N/A) 4口,平倉(賣出),平倉(買回),104.5,129.5,5,4,0.0,1.01,312.0,-11312.0,1.23
2025-12-17,[網格2] 結算平倉(做空配對),做多3045.TW(N/A) 5口 / 做空2412.TW(N/A) 4口,平倉(賣出),平倉(買回),104.5,129.5,5,4,0.0,1.01,312.0,-15312.0,1.46
2025-12-18,[網格1] 轉倉開倉(做空配對),做多3045.TW(N/A) 5口 / 做空2412.TW(N/A) 4口,做多,做空,104.5,130.0,5,4,281475.0,1.19,312.0,0.0,
2025-12-18,[網格2] 轉倉開倉(做空配對),做多3045.TW(N/A) 5口 / 做空2412.TW(N/A) 4口,做多,做空,104.5,130.0,5,4,281475.0,1.19,312.0,0.0,
2025-12-22,[網格1] 停利平倉(做空配對),停利平倉: 做多3045.TW(N/A) 5口 / 做空2412.TW(N/A) 4口,平倉(賣出),平倉(買回),107.0,130.5,5,4,570780.0,-0.66,312.0,20688.0,1.19
2025-12-24,[網格2] 停利平倉(做空配對),停利平倉: 做多3045.TW(N/A) 5口 / 做空2412.TW(N/A) 4口,平倉(賣出),平倉(買回),108.5,130.5,5,4,287415.0,-2.02,313.0,35687.0,1.19
2025-12-24,[網格1] 開倉(做多配對),做空3045.TW(N/A) 6口 / 做多2412.TW(N/A) 5口,做空,做多,108.5,130.5,6,5,639360.0,-2.02,382.0,0.0,
2025-12-24,[網格2] 開倉(做多配對),做空3045.TW(N/A) 6口 / 做多2412.TW(N/A) 5口,做空,做多,108.5,130.5,6,5,639360.0,-2.02,382.0,0.0,
2025-12-26,[網格1] 停損平倉(做多配對),停損平倉: 做空3045.TW(N/A) 6口 / 做多2412.TW(N/A) 5口,平倉(買回),平倉(賣出),111.5,131.5,6,5,716310.0,-3.01,383.0,-26383.0,-2.02
2025-12-26,[網格2] 停損平倉(做多配對),停損平倉: 做空3045.TW(N/A) 6口 / 做多2412.TW(N/A) 5口,平倉(買回),平倉(賣出),111.5,131.5,6,5,716310.0,-3.01,383.0,-26383.0,-2.02
2025-12-29,[網格1] 開倉(做多配對),做空3045.TW(N/A) 6口 / 做多2412.TW(N/A) 5口,做空,做多,109.5,132.0,6,5,355590.0,-1.39,383.0,0.0,
2025-12-30,[網格2] 開倉(做多配對),做空3045.TW(N/A) 6口 / 做多2412.TW(N/A) 5口,做空,做多,110.5,131.0,6,5,711720.0,-2.12,383.0,0.0,
2026-01-05,[網格1] 停利平倉(做多配對),停利平倉: 做空3045.TW(N/A) 6口 / 做多2412.TW(N/A) 5口,平倉(買回),平倉(賣出),107.0,133.0,6,5,705780.0,0.72,382.0,39618.0,-1.39
2026-01-21,[網格2] 結算平倉(做多配對),做空3045.TW(N/A) 6口 / 做多2412.TW(N/A) 5口,平倉(買回),平倉(賣出),107.5,133.0,6,5,0.0,0.49,382.0,55618.0,-2.12
2026-01-22,[網格2] 轉倉開倉(做多配對),做空3045.TW(N/A) 5口 / 做多2412.TW(N/A) 4口,做空,做多,107.5,133.0,5,4,288765.0,0.46,313.0,0.0,
2026-01-28,[網格2] 停利平倉(做多配對),停利平倉: 做空3045.TW(N/A) 5口 / 做多2412.TW(N/A) 4口,平倉(買回),平倉(賣出),106.0,133.5,5,4,287280.0,1.82,313.0,18687.0,0.46
2026-01-28,[網格1] 開倉(做空配對),做多3045.TW(N/A) 5口 / 做空2412.TW(N/A) 4口,做多,做空,106.0,133.5,5,4,574560.0,1.82,313.0,0.0,
2026-01-29,[網格2] 開倉(做空配對),做多3045.TW(N/A) 5口 / 做空2412.TW(N/A) 4口,做多,做空,105.5,133.5,5,4,573210.0,2.48,312.0,0.0,
2026-02-11,[網格1] 停利平倉(做空配對),停利平倉: 做多3045.TW(N/A) 5口 / 做空2412.TW(N/A) 4口,平倉(賣出),平倉(買回),106.5,133.0,5,4,574830.0,-0.22,313.0,8687.0,1.82
2026-03-02,[網格1] 開倉(做空配對),做多3045.TW(N/A) 5口 / 做空2412.TW(N/A) 4口,做多,做空,108.5,138.0,5,4,591030.0,1.06,314.0,0.0,
2026-03-04,[網格1] 停利平倉(做空配對),停利平倉: 做多3045.TW(N/A) 5口 / 做空2412.TW(N/A) 4口,平倉(賣出),平倉(買回),108.0,135.5,5,4,584280.0,-0.75,313.0,14687.0,1.06
2026-03-05,[網格1] 開倉(做空配對),做多3045.TW(N/A) 5口 / 做空2412.TW(N/A) 4口,做多,做空,107.5,137.0,5,4,586170.0,1.3,313.0,0.0,
2026-03-16,[網格1] 停利平倉(做空配對),停利平倉: 做多3045.TW(N/A) 5口 / 做空2412.TW(N/A) 4口,平倉(賣出),平倉(買回),108.0,136.5,5,4,586440.0,-0.08,313.0,8687.0,1.3
2026-03-17,[網格2] 停利平倉(做空配對),停利平倉: 做多3045.TW(N/A) 5口 / 做空2412.TW(N/A) 4口,平倉(賣出),平倉(買回),109.5,137.0,5,4,295785.0,-1.37,314.0,11686.0,2.48
2026-03-17,[網格1] 開倉(做多配對),做空3045.TW(N/A) 5口 / 做多2412.TW(N/A) 4口,做空,做多,109.5,137.0,5,4,591570.0,-1.37,314.0,0.0,
2026-03-18,[網格1] 結算平倉(做多配對),做空3045.TW(N/A) 5口 / 做多2412.TW(N/A) 4口,平倉(買回),平倉(賣出),110.0,137.5,5,4,0.0,-1.39,314.0,-1314.0,-1.37
2026-03-19,[網格1] 轉倉開倉(做多配對),做空3045.TW(N/A) 5口 / 做多2412.TW(N/A) 4口,做空,做多,109.5,135.5,5,4,294165.0,-2.02,314.0,0.0,
2026-03-19,[網格2] 開倉(做多配對),做空3045.TW(N/A) 5口 / 做多2412.TW(N/A) 4口,做空,做多,109.5,135.5,5,4,294165.0,-2.02,314.0,0.0,
2026-04-15,[網格1] 結算平倉(做多配對),做空3045.TW(N/A) 5口 / 做多2412.TW(N/A) 4口,平倉(買回),平倉(賣出),110.0,135.5,5,4,0.0,0.1,314.0,-5314.0,-2.02
2026-04-15,[網格2] 結算平倉(做多配對),做空3045.TW(N/A) 5口 / 做多2412.TW(N/A) 4口,平倉(買回),平倉(賣出),110.0,135.5,5,4,0.0,0.1,314.0,-5314.0,-2.02
2026-04-16,[網格1] 轉倉開倉(做多配對),做空3045.TW(N/A) 5口 / 做多2412.TW(N/A) 4口,做空,做多,105.38,131.41,5,4,284190.0,2.62,312.0,0.0,
2026-04-16,[網格2] 轉倉開倉(做多配對),做空3045.TW(N/A) 5口 / 做多2412.TW(N/A) 4口,做空,做多,105.38,131.41,5,4,284190.0,2.62,312.0,0.0,
2026-04-16,[網格1] 停利平倉(做多配對),停利平倉: 做空3045.TW(N/A) 5口 / 做多2412.TW(N/A) 4口,平倉(買回),平倉(賣出),105.38,131.41,5,4,0.0,2.62,312.0,-5312.0,2.62
2026-04-16,[網格2] 停利平倉(做多配對),停利平倉: 做空3045.TW(N/A) 5口 / 做多2412.TW(N/A) 4口,平倉(買回),平倉(賣出),105.38,131.41,5,4,0.0,2.62,312.0,-5312.0,2.62
2026-04-16,[網格1] 開倉(做空配對),做多3045.TW(N/A) 5口 / 做空2412.TW(N/A) 4口,做多,做空,105.38,131.41,5,4,284190.0,2.62,312.0,0.0,
2026-04-16,[網格2] 開倉(做空配對),做多3045.TW(N/A) 5口 / 做空2412.TW(N/A) 4口,做多,做空,105.38,131.41,5,4,284190.0,2.62,312.0,0.0,
2026-04-20,[網格1] 停利平倉(做空配對),停利平倉: 做多3045.TW(N/A) 5口 / 做空2412.TW(N/A) 4口,平倉(賣出),平倉(買回),108.73,131.89,5,4,578473.0,-1.7,313.0,29367.0,2.62
2026-04-20,[網格2] 停利平倉(做空配對),停利平倉: 做多3045.TW(N/A) 5口 / 做空2412.TW(N/A) 4口,平倉(賣出),平倉(買回),108.73,131.89,5,4,578473.0,-1.7,313.0,29367.0,2.62
2026-04-20,[網格1] 開倉(做多配對),做空3045.TW(N/A) 5口 / 做多2412.TW(N/A) 4口,做空,做多,108.73,131.89,5,4,867710.0,-1.7,313.0,0.0,
2026-04-27,[網格1] 停利平倉(做多配對),停利平倉: 做空3045.TW(N/A) 5口 / 做多2412.TW(N/A) 4口,平倉(買回),平倉(賣出),107.3,131.89,5,4,287297.0,0.86,313.0,14058.0,-1.7
2026-04-28,[網格1] 開倉(做空配對),做多3045.TW(N/A) 5口 / 做空2412.TW(N/A) 4口,做多,做空,106.34,131.89,5,4,286003.0,1.86,312.0,0.0,
2026-05-14,[網格1] 停利平倉(做空配對),停利平倉: 做多3045.TW(N/A) 5口 / 做空2412.TW(N/A) 4口,平倉(賣出),平倉(買回),110.17,132.37,5,4,291696.0,-2.09,313.0,34156.0,1.86
2026-05-14,[網格1] 開倉(做多配對),做空3045.TW(N/A) 6口 / 做多2412.TW(N/A) 5口,做空,做多,110.17,132.37,6,5,648880.0,-2.09,383.0,0.0,
2026-05-14,[網格2] 開倉(做多配對),做空3045.TW(N/A) 6口 / 做多2412.TW(N/A) 5口,做空,做多,110.17,132.37,6,5,648880.0,-2.09,383.0,0.0,
2026-05-20,[網格1] 結算平倉(做多配對),做空3045.TW(N/A) 6口 / 做多2412.TW(N/A) 5口,平倉(買回),平倉(賣出),110.17,133.82,6,5,0.0,-1.04,383.0,14058.0,-2.09
2026-05-20,[網格2] 結算平倉(做多配對),做空3045.TW(N/A) 6口 / 做多2412.TW(N/A) 5口,平倉(買回),平倉(賣出),110.17,133.82,6,5,0.0,-1.04,383.0,14058.0,-2.09
2026-05-21,[網格1] 轉倉開倉(做多配對),做空3045.TW(N/A) 5口 / 做多2412.TW(N/A) 4口,做空,做多,108.73,132.37,5,4,289756.0,-0.71,313.0,0.0,
2026-05-21,[網格2] 轉倉開倉(做多配對),做空3045.TW(N/A) 5口 / 做多2412.TW(N/A) 4口,做空,做多,108.73,132.37,5,4,289756.0,-0.71,313.0,0.0,
2026-05-22,[網格1] 停利平倉(做多配對),停利平倉: 做空3045.TW(N/A) 5口 / 做多2412.TW(N/A) 4口,平倉(買回),平倉(賣出),107.3,131.89,5,4,574593.0,0.16,313.0,10207.0,-0.71
2026-05-27,[網格2] 停利平倉(做多配對),停利平倉: 做空3045.TW(N/A) 5口 / 做多2412.TW(N/A) 4口,平倉(買回),平倉(賣出),105.38,131.89,5,4,284710.0,1.56,312.0,29367.0,-0.71
2026-05-27,[網格1] 開倉(做空配對),做多3045.TW(N/A) 5口 / 做空2412.TW(N/A) 4口,做多,做空,105.38,131.89,5,4,569420.0,1.56,312.0,0.0,
2026-06-02,[網格1] 停利平倉(做空配對),停利平倉: 做多3045.TW(N/A) 5口 / 做空2412.TW(N/A) 4口,平倉(賣出),平倉(買回),110.65,136.71,5,4,297022.0,-0.01,314.0,13868.0,1.56
2026-06-08,[網格1] 開倉(做多配對),做空3045.TW(N/A) 5口 / 做多2412.TW(N/A) 4口,做空,做多,110.17,133.34,5,4,292736.0,-1.23,313.0,0.0,
2026-06-17,[網格1] 結算平倉(做多配對),做空3045.TW(N/A) 5口 / 做多2412.TW(N/A) 4口,平倉(買回),平倉(賣出),114.0,140.08,5,4,0.0,-0.38,315.0,15277.0,-1.23
2026-06-18,[網格1] 轉倉開倉(做多配對),做空3045.TW(N/A) 5口 / 做多2412.TW(N/A) 4口,做空,做多,114.0,138.63,5,4,303628.0,-1.27,315.0,0.0,
2026-06-30,[網格1] 停利平倉(做多配對),停利平倉: 做空3045.TW(N/A) 5口 / 做多2412.TW(N/A) 4口,平倉(買回),平倉(賣出),111.61,136.23,5,4,297795.0,0.4,314.0,4382.0,-1.27
2026-07-01,[網格1] 開倉(做多配對),做空3045.TW(N/A) 6口 / 做多2412.TW(N/A) 5口,做空,做多,113.05,136.23,6,5,367039.0,-1.58,384.0,0.0,
2026-07-02,[網格2] 開倉(做多配對),做空3045.TW(N/A) 6口 / 做多2412.TW(N/A) 5口,做空,做多,113.52,135.74,6,5,734329.0,-2.29,384.0,0.0,
2026-07-03,[網格1] 停利平倉(做多配對),停利平倉: 做空3045.TW(N/A) 6口 / 做多2412.TW(N/A) 5口,平倉(買回),平倉(賣出),111.61,135.74,6,5,728121.0,0.34,384.0,12047.0,-1.58
2026-07-08,[網格2] 停利平倉(做多配對),停利平倉: 做空3045.TW(N/A) 6口 / 做多2412.TW(N/A) 5口,平倉(買回),平倉(賣出),108.26,134.3,6,5,356679.0,2.77,383.0,48405.0,-2.29
2026-07-08,[網格1] 開倉(做空配對),做多3045.TW(N/A) 5口 / 做空2412.TW(N/A) 4口,做多,做空,108.26,134.3,5,4,647868.0,2.77,313.0,0.0,
2026-07-08,[網格2] 開倉(做空配對),做多3045.TW(N/A) 5口 / 做空2412.TW(N/A) 4口,做多,做空,108.26,134.3,5,4,647868.0,2.77,313.0,0.0,
2026-07-15,[網格1] 結算平倉(做空配對),做多3045.TW(N/A) 5口 / 做空2412.TW(N/A) 4口,平倉(賣出),平倉(買回),109.0,133.0,5,4,0.0,0.61,313.0,17530.0,2.77
2026-07-15,[網格2] 結算平倉(做空配對),做多3045.TW(N/A) 5口 / 做空2412.TW(N/A) 4口,平倉(賣出),平倉(買回),109.0,133.0,5,4,0.0,0.61,313.0,17530.0,2.77
2026-07-16,[網格1] 轉倉開倉(做空配對),做多3045.TW(N/A) 5口 / 做空2412.TW(N/A) 4口,做多,做空,110.5,136.0,5,4,296055.0,1.12,314.0,0.0,
2026-07-16,[網格2] 轉倉開倉(做空配對),做多3045.TW(N/A) 5口 / 做空2412.TW(N/A) 4口,做多,做空,110.5,136.0,5,4,296055.0,1.12,314.0,0.0,
2026-07-24,[網格1] 停利平倉(做空配對),停利平倉: 做多3045.TW(N/A) 5口 / 做空2412.TW(N/A) 4口,平倉(賣出),平倉(買回),113.5,139.0,5,4,606690.0,-0.22,315.0,5685.0,1.12
2026-08-05,[網格1] 開倉(做空配對),做多3045.TW(N/A) 5口 / 做空2412.TW(N/A) 4口,做多,做空,110.5,137.0,5,4,594270.0,1.26,314.0,0.0,
2026-08-07,[網格1] 停利平倉(做空配對),停利平倉: 做多3045.TW(N/A) 5口 / 做空2412.TW(N/A) 4口,平倉(賣出),平倉(買回),111.5,137.5,5,4,598050.0,-0.02,314.0,5686.0,1.26
2026-08-11,[網格1] 開倉(做空配對),做多3045.TW(N/A) 5口 / 做空2412.TW(N/A) 4口,做多,做空,109.5,136.0,5,4,589410.0,1.57,314.0,0.0,
2026-08-17,[網格1] 停利平倉(做空配對),停利平倉: 做多3045.TW(N/A) 5口 / 做空2412.TW(N/A) 4口,平倉(賣出),平倉(買回),111.0,136.0,5,4,593460.0,-1.22,314.0,14686.0,1.57
2026-08-17,[網格2] 停利平倉(做空配對),停利平倉: 做多3045.TW(N/A) 5口 / 做空2412.TW(N/A) 4口,平倉(賣出),平倉(買回),111.0,136.0,5,4,593460.0,-1.22,314.0,4686.0,1.12
2026-08-17,[網格1] 開倉(做多配對),做空3045.TW(N/A) 5口 / 做多2412.TW(N/A) 4口,做空,做多,111.0,136.0,5,4,890190.0,-1.22,314.0,0.0,
2026-08-19,[網格1] 結算平倉(做多配對),做空3045.TW(N/A) 5口 / 做多2412.TW(N/A) 4口,平倉(買回),平倉(賣出),113.5,136.0,5,4,0.0,-3.11,314.0,-25314.0,-1.22
2026-08-20,[網格1] 轉倉開倉(做多配對),做空3045.TW(N/A) 6口 / 做多2412.TW(N/A) 5口,做空,做多,115.0,136.5,6,5,370575.0,-2.93,385.0,0.0,
2026-08-20,[網格2] 開倉(做多配對),做空3045.TW(N/A) 6口 / 做多2412.TW(N/A) 5口,做空,做多,115.0,136.5,6,5,370575.0,-2.93,385.0,0.0,
