,日期,動作,部位描述,NQ=F(小納斯達克)多空,NIY=F(日經225)多空,NQ=F價,NIY=F價,NQ=F口數,NIY=F口數,保證金佔用,Z-Score,交易成本,損益,開倉Z
0,2020-01-03,[網格1] 開倉(做多配對),做空NQ=F(小納斯達克) 8口 / 做多NIY=F(日經225) 3口,做空,做多,8810.0,23275.0,8,3,37882350.0,-4.25,5942.0,0.0,
1,2020-01-13,[網格1] 停利平倉(做多配對),停利平倉: 做空NQ=F(小納斯達克) 8口 / 做多NIY=F(日經225) 3口,平倉(買回),平倉(賣出),9088.25,23935.0,8,3,39017970.0,0.32,6110.0,-498110.0,-4.25
2,2020-01-21,[網格1] 開倉(做多配對),做空NQ=F(小納斯達克) 5口 / 做多NIY=F(日經225) 2口,做空,做多,9169.75,23770.0,5,2,25214962.0,-2.24,3946.0,0.0,
3,2020-02-19,[網格1] 結算平倉(做多配對),做空NQ=F(小納斯達克) 5口 / 做多NIY=F(日經225) 2口,平倉(買回),平倉(賣出),9733.5,23585.0,5,2,0.0,-1.41,4044.0,-6381544.0,-2.24
4,2020-02-20,[網格1] 轉倉開倉(做多配對),做空NQ=F(小納斯達克) 5口 / 做多NIY=F(日經225) 2口,做空,做多,9624.25,23525.0,5,2,25696238.0,-0.89,4017.0,0.0,
5,2020-03-18,[網格1] 結算平倉(做多配對),做空NQ=F(小納斯達克) 5口 / 做多NIY=F(日經225) 2口,平倉(買回),平倉(賣出),7225.25,16735.0,5,2,0.0,-1.42,2994.0,-3172994.0,-0.89
6,2020-03-19,[網格1] 轉倉開倉(做多配對),做空NQ=F(小納斯達克) 7口 / 做多NIY=F(日經225) 3口,做空,做多,7293.5,17170.0,7,3,27692415.0,-0.93,4403.0,0.0,
7,2020-03-23,[網格1] 停利平倉(做多配對),停利平倉: 做空NQ=F(小納斯達克) 7口 / 做多NIY=F(日經225) 3口,平倉(買回),平倉(賣出),6984.5,17470.0,7,3,27351405.0,0.63,4352.0,6121648.0,-0.93
8,2020-05-06,[網格1] 開倉(做多配對),做空NQ=F(小納斯達克) 8口 / 做多NIY=F(日經225) 4口,做空,做多,8952.0,19360.0,8,4,40245120.0,-2.28,6322.0,0.0,
9,2020-05-11,[網格1] 停利平倉(做多配對),停利平倉: 做空NQ=F(小納斯達克) 8口 / 做多NIY=F(日經225) 4口,平倉(買回),平倉(賣出),9279.0,20500.0,8,4,42182640.0,0.48,6609.0,3881391.0,-2.28
10,2020-05-26,[網格1] 開倉(做空配對),做多NQ=F(小納斯達克) 9口 / 做空NIY=F(日經225) 4口,做多,做空,9406.5,21275.0,9,4,45834795.0,3.43,7180.0,0.0,
11,2020-05-27,[網格1] 停損平倉(做空配對),停損平倉: 做多NQ=F(小納斯達克) 9口 / 做空NIY=F(日經225) 4口,平倉(賣出),平倉(買回),9432.5,21640.0,9,4,46292175.0,3.28,7248.0,-2459248.0,3.43
