,日期,動作,部位描述,AUDUSD=X(澳幣)多空,NZDUSD=X(紐幣)多空,AUDUSD=X價,NZDUSD=X價,AUDUSD=X口數,NZDUSD=X口數,保證金佔用,Z-Score,交易成本,損益,開倉Z
0,2020-02-11,[網格1] 開倉(做多配對),做空AUDUSD=X(澳幣) 141593口 / 做多NZDUSD=X(紐幣) 141593口,做空,做多,0.67,0.64,141593,141593,49999986.0,-2.19,8502987.0,0.0,
1,2020-02-19,[網格1] 結算平倉(做多配對),做空AUDUSD=X(澳幣) 141593口 / 做多NZDUSD=X(紐幣) 141593口,平倉(買回),平倉(賣出),0.67,0.64,141593,141593,0.0,-1.5,8502994.0,-8502336.0,-2.19
2,2020-02-20,[網格1] 轉倉開倉(做多配對),做空AUDUSD=X(澳幣) 93471口 / 做多NZDUSD=X(紐幣) 93471口,做空,做多,0.67,0.64,93471,93471,32994615.0,-1.16,5613148.0,0.0,
3,2020-02-27,[網格1] 停利平倉(做多配對),停利平倉: 做空AUDUSD=X(澳幣) 93471口 / 做多NZDUSD=X(紐幣) 93471口,平倉(買回),平倉(賣出),0.65,0.63,93471,93471,32387702.0,0.21,5613058.0,-4968402.0,-1.16
4,2020-03-04,[網格1] 開倉(做多配對),做空AUDUSD=X(澳幣) 64593口 / 做多NZDUSD=X(紐幣) 64593口,做空,做多,0.66,0.63,64593,64593,22412973.0,-2.15,3878900.0,0.0,
5,2020-03-09,[網格1] 停利平倉(做多配對),停利平倉: 做空AUDUSD=X(澳幣) 64593口 / 做多NZDUSD=X(紐幣) 64593口,平倉(買回),平倉(賣出),0.66,0.63,64593,64593,22572693.0,0.12,3878924.0,-3506756.0,-2.15
6,2020-03-11,[網格1] 開倉(做空配對),做多AUDUSD=X(澳幣) 43593口 / 做空NZDUSD=X(紐幣) 43593口,做多,做空,0.65,0.63,43593,43593,15027133.0,2.17,2617806.0,0.0,
7,2020-03-18,[網格1] 結算平倉(做空配對),做多AUDUSD=X(澳幣) 43593口 / 做空NZDUSD=X(紐幣) 43593口,平倉(賣出),平倉(買回),0.6,0.59,43593,43593,0.0,2.4,2617662.0,-4257618.0,2.17
8,2020-03-19,[網格1] 轉倉開倉(做空配對),做多AUDUSD=X(澳幣) 26162口 / 做空NZDUSD=X(紐幣) 26162口,做多,做空,0.58,0.57,26162,26162,8151903.0,1.57,1570928.0,0.0,
9,2020-04-01,[網格1] 停利平倉(做空配對),停利平倉: 做多AUDUSD=X(澳幣) 26162口 / 做空NZDUSD=X(紐幣) 26162口,平倉(賣出),平倉(買回),0.61,0.6,26162,26162,8538923.0,-0.38,1570985.0,-1013720.0,1.57
10,2020-04-10,[網格1] 開倉(做多配對),做空AUDUSD=X(澳幣) 16615口 / 做多NZDUSD=X(紐幣) 16615口,做空,做多,0.63,0.61,16615,16615,5567106.0,-2.14,997725.0,0.0,
11,2020-04-15,[網格1] 結算平倉(做多配對),做空AUDUSD=X(澳幣) 16615口 / 做多NZDUSD=X(紐幣) 16615口,平倉(買回),平倉(賣出),0.64,0.61,16615,16615,0.0,-2.31,997733.0,-1255982.0,-2.14
12,2020-04-16,[網格1] 轉倉開倉(做多配對),做空AUDUSD=X(澳幣) 9974口 / 做多NZDUSD=X(紐幣) 9974口,做空,做多,0.63,0.6,9974,9974,3313684.0,-1.81,598931.0,0.0,
13,2020-05-20,[網格1] 結算平倉(做多配對),做空AUDUSD=X(澳幣) 9974口 / 做多NZDUSD=X(紐幣) 9974口,平倉(買回),平倉(賣出),0.65,0.61,9974,9974,0.0,-1.04,598944.0,-879584.0,-1.81
14,2020-05-21,[網格1] 轉倉開倉(做多配對),做空AUDUSD=X(澳幣) 5334口 / 做多NZDUSD=X(紐幣) 5334口,做空,做多,0.66,0.61,5334,5334,1834846.0,-0.66,320312.0,0.0,
15,2020-06-08,[網格1] 停利平倉(做多配對),停利平倉: 做空AUDUSD=X(澳幣) 5334口 / 做多NZDUSD=X(紐幣) 5334口,平倉(買回),平倉(賣出),0.7,0.65,5334,5334,1950006.0,0.33,320329.0,-342283.0,-0.66
16,2020-07-08,[網格1] 開倉(做空配對),做多AUDUSD=X(澳幣) 3218口 / 做空NZDUSD=X(紐幣) 3218口,做多,做空,0.69,0.65,3218,3218,1172241.0,2.19,193254.0,0.0,
17,2020-07-15,[網格1] 結算平倉(做空配對),做多AUDUSD=X(澳幣) 3218口 / 做空NZDUSD=X(紐幣) 3218口,平倉(賣出),平倉(買回),0.7,0.65,3218,3218,0.0,-0.73,193254.0,-159490.0,2.19
18,2020-08-17,[網格1] 開倉(做多配對),做空AUDUSD=X(澳幣) 2210口 / 做多NZDUSD=X(紐幣) 2210口,做空,做多,0.72,0.65,2210,2210,819651.0,-2.32,132721.0,0.0,
19,2020-08-19,[網格1] 結算平倉(做多配對),做空AUDUSD=X(澳幣) 2210口 / 做多NZDUSD=X(紐幣) 2210口,平倉(買回),平倉(賣出),0.73,0.66,2210,2210,0.0,-1.63,132723.0,-132186.0,-2.32
20,2020-08-20,[網格1] 轉倉開倉(做多配對),做空AUDUSD=X(澳幣) 1494口 / 做多NZDUSD=X(紐幣) 1494口,做空,做多,0.72,0.66,1494,1494,554633.0,-1.2,89722.0,0.0,
21,2020-09-02,[網格1] 停利平倉(做多配對),停利平倉: 做空AUDUSD=X(澳幣) 1494口 / 做多NZDUSD=X(紐幣) 1494口,平倉(買回),平倉(賣出),0.74,0.68,1494,1494,570666.0,0.29,89725.0,-84778.0,-1.2
22,2020-09-28,[網格1] 開倉(做空配對),做多AUDUSD=X(澳幣) 1036口 / 做空NZDUSD=X(紐幣) 1036口,做多,做空,0.7,0.66,1036,1036,380243.0,2.03,62216.0,0.0,
23,2020-10-08,[網格1] 停利平倉(做空配對),停利平倉: 做多AUDUSD=X(澳幣) 1036口 / 做空NZDUSD=X(紐幣) 1036口,平倉(賣出),平倉(買回),0.71,0.66,1036,1036,383561.0,-0.62,62217.0,-46887.0,2.03
24,2020-10-15,[網格1] 開倉(做空配對),做多AUDUSD=X(澳幣) 728口 / 做空NZDUSD=X(紐幣) 728口,做多,做空,0.71,0.67,728,728,271207.0,2.05,43720.0,0.0,
25,2020-10-21,[網格1] 結算平倉(做空配對),做多AUDUSD=X(澳幣) 728口 / 做空NZDUSD=X(紐幣) 728口,平倉(賣出),平倉(買回),0.7,0.66,728,728,0.0,1.49,43720.0,-46063.0,2.05
26,2020-10-22,[網格1] 轉倉開倉(做空配對),做多AUDUSD=X(澳幣) 488口 / 做空NZDUSD=X(紐幣) 488口,做多,做空,0.71,0.66,488,488,181194.0,1.63,29307.0,0.0,
27,2020-11-05,[網格1] 停利平倉(做空配對),停利平倉: 做多AUDUSD=X(澳幣) 488口 / 做空NZDUSD=X(紐幣) 488口,平倉(賣出),平倉(買回),0.72,0.67,488,488,182890.0,-0.13,29307.0,-27256.0,1.63
28,2020-11-12,[網格1] 開倉(做空配對),做多AUDUSD=X(澳幣) 326口 / 做空NZDUSD=X(紐幣) 326口,做多,做空,0.73,0.69,326,326,124872.0,2.37,19578.0,0.0,
29,2020-11-18,[網格1] 結算平倉(做空配對),做多AUDUSD=X(澳幣) 326口 / 做空NZDUSD=X(紐幣) 326口,平倉(賣出),平倉(買回),0.73,0.69,326,326,0.0,1.2,19579.0,-18195.0,2.37
30,2020-11-19,[網格1] 轉倉開倉(做空配對),做多AUDUSD=X(澳幣) 227口 / 做空NZDUSD=X(紐幣) 227口,做多,做空,0.73,0.69,227,227,87179.0,1.68,13633.0,0.0,
31,2020-12-07,[網格1] 停利平倉(做空配對),停利平倉: 做多AUDUSD=X(澳幣) 227口 / 做空NZDUSD=X(紐幣) 227口,平倉(賣出),平倉(買回),0.74,0.7,227,227,88705.0,-0.12,13633.0,-13167.0,1.68
32,2020-12-14,[網格1] 開倉(做多配對),做空AUDUSD=X(澳幣) 152口 / 做多NZDUSD=X(紐幣) 152口,做空,做多,0.76,0.71,152,152,60122.0,-2.1,9129.0,0.0,
33,2020-12-16,[網格1] 結算平倉(做多配對),做空AUDUSD=X(澳幣) 152口 / 做多NZDUSD=X(紐幣) 152口,平倉(買回),平倉(賣出),0.76,0.71,152,152,0.0,-2.05,9129.0,-9621.0,-2.1
34,2020-12-17,[網格1] 轉倉開倉(做多配對),做空AUDUSD=X(澳幣) 105口 / 做多NZDUSD=X(紐幣) 105口,做空,做多,0.76,0.71,105,105,41619.0,-1.58,6306.0,0.0,
35,2021-01-20,[網格1] 結算平倉(做多配對),做空AUDUSD=X(澳幣) 105口 / 做多NZDUSD=X(紐幣) 105口,平倉(買回),平倉(賣出),0.77,0.71,105,105,0.0,-1.86,6306.0,-8898.0,-1.58
36,2021-01-21,[網格1] 轉倉開倉(做多配對),做空AUDUSD=X(澳幣) 65口 / 做多NZDUSD=X(紐幣) 65口,做空,做多,0.78,0.72,65,65,26223.0,-1.27,3904.0,0.0,
37,2021-01-26,[網格1] 停利平倉(做多配對),停利平倉: 做空AUDUSD=X(澳幣) 65口 / 做多NZDUSD=X(紐幣) 65口,平倉(買回),平倉(賣出),0.77,0.72,65,65,26183.0,0.3,3904.0,-3251.0,-1.27
38,2021-02-01,[網格1] 開倉(做空配對),做多AUDUSD=X(澳幣) 48口 / 做空NZDUSD=X(紐幣) 48口,做多,做空,0.76,0.72,48,48,19159.0,2.16,2883.0,0.0,
39,2021-02-12,[網格1] 停利平倉(做空配對),停利平倉: 做多AUDUSD=X(澳幣) 48口 / 做空NZDUSD=X(紐幣) 48口,平倉(賣出),平倉(買回),0.78,0.72,48,48,19421.0,-0.33,2883.0,-2247.0,2.16
40,2021-03-23,[網格1] 開倉(做多配對),做空AUDUSD=X(澳幣) 35口 / 做多NZDUSD=X(紐幣) 35口,做空,做多,0.77,0.71,35,35,14060.0,-2.22,2102.0,0.0,
41,2021-04-12,[網格1] 停利平倉(做多配對),停利平倉: 做空AUDUSD=X(澳幣) 35口 / 做多NZDUSD=X(紐幣) 35口,平倉(買回),平倉(賣出),0.76,0.7,35,35,13859.0,0.35,2102.0,-1919.0,-2.22
42,2021-04-22,[網格1] 開倉(做空配對),做多AUDUSD=X(澳幣) 25口 / 做空NZDUSD=X(紐幣) 25口,做多,做空,0.78,0.72,25,25,10097.0,2.01,1501.0,0.0,
43,2021-05-11,[網格1] 停利平倉(做空配對),停利平倉: 做多AUDUSD=X(澳幣) 25口 / 做空NZDUSD=X(紐幣) 25口,平倉(賣出),平倉(買回),0.78,0.73,25,25,10199.0,-0.22,1502.0,-1413.0,2.01
44,2021-05-27,[網格1] 開倉(做空配對),做多AUDUSD=X(澳幣) 17口 / 做空NZDUSD=X(紐幣) 17口,做多,做空,0.77,0.73,17,17,6893.0,3.51,1021.0,0.0,
45,2021-06-07,[網格1] 停利平倉(做空配對),停利平倉: 做多AUDUSD=X(澳幣) 17口 / 做空NZDUSD=X(紐幣) 17口,平倉(賣出),平倉(買回),0.77,0.72,17,17,6864.0,-0.17,1021.0,-774.0,3.51
46,2021-07-15,[網格1] 開倉(做空配對),做多AUDUSD=X(澳幣) 13口 / 做空NZDUSD=X(紐幣) 13口,做多,做空,0.75,0.7,13,13,5096.0,2.3,781.0,0.0,
47,2021-07-21,[網格1] 結算平倉(做空配對),做多AUDUSD=X(澳幣) 13口 / 做空NZDUSD=X(紐幣) 13口,平倉(賣出),平倉(買回),0.73,0.69,13,13,0.0,1.44,781.0,-850.0,2.3
48,2021-07-22,[網格1] 轉倉開倉(做空配對),做多AUDUSD=X(澳幣) 9口 / 做空NZDUSD=X(紐幣) 9口,做多,做空,0.74,0.7,9,9,3478.0,1.78,541.0,0.0,
49,2021-08-18,[網格1] 結算平倉(做空配對),做多AUDUSD=X(澳幣) 9口 / 做空NZDUSD=X(紐幣) 9口,平倉(賣出),平倉(買回),0.73,0.69,9,9,0.0,0.94,541.0,-656.0,1.78
50,2021-08-19,[網格1] 轉倉開倉(做空配對),做多AUDUSD=X(澳幣) 6口 / 做空NZDUSD=X(紐幣) 6口,做多,做空,0.72,0.69,6,6,2285.0,-0.13,360.0,0.0,
51,2021-08-19,[網格1] 停利平倉(做空配對),停利平倉: 做多AUDUSD=X(澳幣) 6口 / 做空NZDUSD=X(紐幣) 6口,平倉(賣出),平倉(買回),0.72,0.69,6,6,0.0,-0.13,360.0,-475.0,-0.13
52,2021-09-01,[網格1] 開倉(做空配對),做多AUDUSD=X(澳幣) 4口 / 做空NZDUSD=X(紐幣) 4口,做多,做空,0.73,0.71,4,4,1552.0,2.55,240.0,0.0,
53,2021-09-15,[網格1] 結算平倉(做空配對),做多AUDUSD=X(澳幣) 4口 / 做空NZDUSD=X(紐幣) 4口,平倉(賣出),平倉(買回),0.73,0.71,4,4,0.0,2.14,240.0,-276.0,2.55
54,2021-09-16,[網格1] 轉倉開倉(做空配對),做多AUDUSD=X(澳幣) 3口 / 做空NZDUSD=X(紐幣) 3口,做多,做空,0.73,0.71,3,3,1172.0,2.27,180.0,0.0,
55,2021-09-28,[網格1] 停利平倉(做空配對),停利平倉: 做多AUDUSD=X(澳幣) 3口 / 做空NZDUSD=X(紐幣) 3口,平倉(賣出),平倉(買回),0.73,0.7,3,3,1157.0,-0.71,180.0,-142.0,2.27
56,2021-10-01,[網格1] 開倉(做多配對),做空AUDUSD=X(澳幣) 2口 / 做多NZDUSD=X(紐幣) 2口,做空,做多,0.72,0.69,2,2,763.0,-2.35,120.0,0.0,
57,2021-10-19,[網格1] 停利平倉(做多配對),停利平倉: 做空AUDUSD=X(澳幣) 2口 / 做多NZDUSD=X(紐幣) 2口,平倉(買回),平倉(賣出),0.74,0.71,2,2,783.0,0.13,120.0,-116.0,-2.35
58,2021-12-09,[網格1] 開倉(做多配對),做空AUDUSD=X(澳幣) 1口 / 做多NZDUSD=X(紐幣) 1口,做空,做多,0.72,0.68,1,1,377.0,-2.05,60.0,0.0,
59,2021-12-15,[網格1] 結算平倉(做多配對),做空AUDUSD=X(澳幣) 1口 / 做多NZDUSD=X(紐幣) 1口,平倉(買回),平倉(賣出),0.71,0.67,1,1,0.0,-1.4,60.0,-62.0,-2.05
60,2021-12-16,[網格1] 轉倉開倉(做多配對),做空AUDUSD=X(澳幣) 1口 / 做多NZDUSD=X(紐幣) 1口,做空,做多,0.72,0.68,1,1,377.0,-1.55,60.0,0.0,
61,2022-01-10,[網格1] 停利平倉(做多配對),停利平倉: 做空AUDUSD=X(澳幣) 1口 / 做多NZDUSD=X(紐幣) 1口,平倉(買回),平倉(賣出),0.72,0.68,1,1,377.0,0.12,60.0,-63.0,-1.55
62,2022-01-20,[網格1] 開倉(做多配對),做空AUDUSD=X(澳幣) 1口 / 做多NZDUSD=X(紐幣) 1口,做空,做多,0.72,0.68,1,1,378.0,-2.06,60.0,0.0,
63,2022-01-21,[網格1] 停損平倉(做多配對),停損平倉: 做空AUDUSD=X(澳幣) 1口 / 做多NZDUSD=X(紐幣) 1口,平倉(買回),平倉(賣出),0.72,0.68,1,1,377.0,-3.35,60.0,-66.0,-2.06
